frame_uid,golden_id,golden_sha256,frame_index,timestamp_seconds,width,height,camera_type,selection_role,tracking_sequence_id,annotation_status,dataset_role
GOLDEN-01-BROADCAST:00000000,GOLDEN-01-BROADCAST,9bfa4242b1512799c45d802f650cc76bf519b248c54254a7fecdd236f21bd39b,0,0.000000000,3840,2160,broadcast elevated camera,sparse,,PENDING,golden_eval
GOLDEN-01-BROADCAST:00000025,GOLDEN-01-BROADCAST,9bfa4242b1512799c45d802f650cc76bf519b248c54254a7fecdd236f21bd39b,25,1.000000000,3840,2160,broadcast elevated camera,sparse,,PENDING,golden_eval
GOLDEN-01-BROADCAST:00000050,GOLDEN-01-BROADCAST,9bfa4242b1512799c45d802f650cc76bf519b248c54254a7fecdd236f21bd39b,50,2.000000000,3840,2160,broadcast elevated camera,sparse,,PENDING,golden_eval
GOLDEN-01-BROADCAST:00000075,GOLDEN-01-BROADCAST,9bfa4242b1512799c45d802f650cc76bf519b248c54254a7fecdd236f21bd39b,75,3.000000000,3840,2160,broadcast elevated camera,sparse,,PENDING,golden_eval
GOLDEN-01-BROADCAST:00000100,GOLDEN-01-BROADCAST,9bfa4242b1512799c45d802f650cc76bf519b248c54254a7fecdd236f21bd39b,100,4.000000000,3840,2160,broadcast elevated camera,sparse,,PENDING,golden_eval
GOLDEN-01-BROADCAST:00000125,GOLDEN-01-BROADCAST,9bfa4242b1512799c45d802f650cc76bf519b248c54254a7fecdd236f21bd39b,125,5.000000000,3840,2160,broadcast elevated camera,sparse,,PENDING,golden_eval
GOLDEN-01-BROADCAST:00000150,GOLDEN-01-BROADCAST,9bfa4242b1512799c45d802f650cc76bf519b248c54254a7fecdd236f21bd39b,150,6.000000000,3840,2160,broadcast elevated camera,sparse,,PENDING,golden_eval
GOLDEN-01-BROADCAST:00000175,GOLDEN-01-BROADCAST,9bfa4242b1512799c45d802f650cc76bf519b248c54254a7fecdd236f21bd39b,175,7.000000000,3840,2160,broadcast elevated camera,sparse,,PENDING,golden_eval
GOLDEN-01-BROADCAST:00000200,GOLDEN-01-BROADCAST,9bfa4242b1512799c45d802f650cc76bf519b248c54254a7fecdd236f21bd39b,200,8.000000000,3840,2160,broadcast elevated camera,sparse,,PENDING,golden_eval
GOLDEN-01-BROADCAST:00000225,GOLDEN-01-BROADCAST,9bfa4242b1512799c45d802f650cc76bf519b248c54254a7fecdd236f21bd39b,225,9.000000000,3840,2160,broadcast elevated camera,sparse,,PENDING,golden_eval
GOLDEN-01-BROADCAST:00000250,GOLDEN-01-BROADCAST,9bfa4242b1512799c45d802f650cc76bf519b248c54254a7fecdd236f21bd39b,250,10.000000000,3840,2160,broadcast elevated camera,sparse,,PENDING,golden_eval
GOLDEN-01-BROADCAST:00000275,GOLDEN-01-BROADCAST,9bfa4242b1512799c45d802f650cc76bf519b248c54254a7fecdd236f21bd39b,275,11.000000000,3840,2160,broadcast elevated camera,sparse,,PENDING,golden_eval
GOLDEN-01-BROADCAST:00000300,GOLDEN-01-BROADCAST,9bfa4242b1512799c45d802f650cc76bf519b248c54254a7fecdd236f21bd39b,300,12.000000000,3840,2160,broadcast elevated camera,sparse,,PENDING,golden_eval
GOLDEN-01-BROADCAST:00000325,GOLDEN-01-BROADCAST,9bfa4242b1512799c45d802f650cc76bf519b248c54254a7fecdd236f21bd39b,325,13.000000000,3840,2160,broadcast elevated camera,sparse,,PENDING,golden_eval
GOLDEN-01-BROADCAST:00000350,GOLDEN-01-BROADCAST,9bfa4242b1512799c45d802f650cc76bf519b248c54254a7fecdd236f21bd39b,350,14.000000000,3840,2160,broadcast elevated camera,sparse,,PENDING,golden_eval
GOLDEN-01-BROADCAST:00000375,GOLDEN-01-BROADCAST,9bfa4242b1512799c45d802f650cc76bf519b248c54254a7fecdd236f21bd39b,375,15.000000000,3840,2160,broadcast elevated camera,sparse,,PENDING,golden_eval
GOLDEN-01-BROADCAST:00000400,GOLDEN-01-BROADCAST,9bfa4242b1512799c45d802f650cc76bf519b248c54254a7fecdd236f21bd39b,400,16.000000000,3840,2160,broadcast elevated camera,sparse,,PENDING,golden_eval
GOLDEN-01-BROADCAST:00000425,GOLDEN-01-BROADCAST,9bfa4242b1512799c45d802f650cc76bf519b248c54254a7fecdd236f21bd39b,425,17.000000000,3840,2160,broadcast elevated camera,sparse,,PENDING,golden_eval
GOLDEN-01-BROADCAST:00000450,GOLDEN-01-BROADCAST,9bfa4242b1512799c45d802f650cc76bf519b248c54254a7fecdd236f21bd39b,450,18.000000000,3840,2160,broadcast elevated camera,sparse,,PENDING,golden_eval
GOLDEN-01-BROADCAST:00000475,GOLDEN-01-BROADCAST,9bfa4242b1512799c45d802f650cc76bf519b248c54254a7fecdd236f21bd39b,475,19.000000000,3840,2160,broadcast elevated camera,sparse,,PENDING,golden_eval
GOLDEN-01-BROADCAST:00000500,GOLDEN-01-BROADCAST,9bfa4242b1512799c45d802f650cc76bf519b248c54254a7fecdd236f21bd39b,500,20.000000000,3840,2160,broadcast elevated camera,sparse+tracking,TRACK-G01-01,PENDING,golden_eval
GOLDEN-01-BROADCAST:00000501,GOLDEN-01-BROADCAST,9bfa4242b1512799c45d802f650cc76bf519b248c54254a7fecdd236f21bd39b,501,20.040000000,3840,2160,broadcast elevated camera,tracking,TRACK-G01-01,PENDING,golden_eval
GOLDEN-01-BROADCAST:00000502,GOLDEN-01-BROADCAST,9bfa4242b1512799c45d802f650cc76bf519b248c54254a7fecdd236f21bd39b,502,20.080000000,3840,2160,broadcast elevated camera,tracking,TRACK-G01-01,PENDING,golden_eval
GOLDEN-01-BROADCAST:00000503,GOLDEN-01-BROADCAST,9bfa4242b1512799c45d802f650cc76bf519b248c54254a7fecdd236f21bd39b,503,20.120000000,3840,2160,broadcast elevated camera,tracking,TRACK-G01-01,PENDING,golden_eval
GOLDEN-01-BROADCAST:00000504,GOLDEN-01-BROADCAST,9bfa4242b1512799c45d802f650cc76bf519b248c54254a7fecdd236f21bd39b,504,20.160000000,3840,2160,broadcast elevated camera,tracking,TRACK-G01-01,PENDING,golden_eval
GOLDEN-01-BROADCAST:00000505,GOLDEN-01-BROADCAST,9bfa4242b1512799c45d802f650cc76bf519b248c54254a7fecdd236f21bd39b,505,20.200000000,3840,2160,broadcast elevated camera,tracking,TRACK-G01-01,PENDING,golden_eval
GOLDEN-01-BROADCAST:00000506,GOLDEN-01-BROADCAST,9bfa4242b1512799c45d802f650cc76bf519b248c54254a7fecdd236f21bd39b,506,20.240000000,3840,2160,broadcast elevated camera,tracking,TRACK-G01-01,PENDING,golden_eval
GOLDEN-01-BROADCAST:00000507,GOLDEN-01-BROADCAST,9bfa4242b1512799c45d802f650cc76bf519b248c54254a7fecdd236f21bd39b,507,20.280000000,3840,2160,broadcast elevated camera,tracking,TRACK-G01-01,PENDING,golden_eval
GOLDEN-01-BROADCAST:00000508,GOLDEN-01-BROADCAST,9bfa4242b1512799c45d802f650cc76bf519b248c54254a7fecdd236f21bd39b,508,20.320000000,3840,2160,broadcast elevated camera,tracking,TRACK-G01-01,PENDING,golden_eval
GOLDEN-01-BROADCAST:00000509,GOLDEN-01-BROADCAST,9bfa4242b1512799c45d802f650cc76bf519b248c54254a7fecdd236f21bd39b,509,20.360000000,3840,2160,broadcast elevated camera,tracking,TRACK-G01-01,PENDING,golden_eval
GOLDEN-01-BROADCAST:00000510,GOLDEN-01-BROADCAST,9bfa4242b1512799c45d802f650cc76bf519b248c54254a7fecdd236f21bd39b,510,20.400000000,3840,2160,broadcast elevated camera,tracking,TRACK-G01-01,PENDING,golden_eval
GOLDEN-01-BROADCAST:00000511,GOLDEN-01-BROADCAST,9bfa4242b1512799c45d802f650cc76bf519b248c54254a7fecdd236f21bd39b,511,20.440000000,3840,2160,broadcast elevated camera,tracking,TRACK-G01-01,PENDING,golden_eval
GOLDEN-01-BROADCAST:00000512,GOLDEN-01-BROADCAST,9bfa4242b1512799c45d802f650cc76bf519b248c54254a7fecdd236f21bd39b,512,20.480000000,3840,2160,broadcast elevated camera,tracking,TRACK-G01-01,PENDING,golden_eval
GOLDEN-01-BROADCAST:00000513,GOLDEN-01-BROADCAST,9bfa4242b1512799c45d802f650cc76bf519b248c54254a7fecdd236f21bd39b,513,20.520000000,3840,2160,broadcast elevated camera,tracking,TRACK-G01-01,PENDING,golden_eval
GOLDEN-01-BROADCAST:00000514,GOLDEN-01-BROADCAST,9bfa4242b1512799c45d802f650cc76bf519b248c54254a7fecdd236f21bd39b,514,20.560000000,3840,2160,broadcast elevated camera,tracking,TRACK-G01-01,PENDING,golden_eval
GOLDEN-01-BROADCAST:00000515,GOLDEN-01-BROADCAST,9bfa4242b1512799c45d802f650cc76bf519b248c54254a7fecdd236f21bd39b,515,20.600000000,3840,2160,broadcast elevated camera,tracking,TRACK-G01-01,PENDING,golden_eval
GOLDEN-01-BROADCAST:00000516,GOLDEN-01-BROADCAST,9bfa4242b1512799c45d802f650cc76bf519b248c54254a7fecdd236f21bd39b,516,20.640000000,3840,2160,broadcast elevated camera,tracking,TRACK-G01-01,PENDING,golden_eval
GOLDEN-01-BROADCAST:00000517,GOLDEN-01-BROADCAST,9bfa4242b1512799c45d802f650cc76bf519b248c54254a7fecdd236f21bd39b,517,20.680000000,3840,2160,broadcast elevated camera,tracking,TRACK-G01-01,PENDING,golden_eval
GOLDEN-01-BROADCAST:00000518,GOLDEN-01-BROADCAST,9bfa4242b1512799c45d802f650cc76bf519b248c54254a7fecdd236f21bd39b,518,20.720000000,3840,2160,broadcast elevated camera,tracking,TRACK-G01-01,PENDING,golden_eval
GOLDEN-01-BROADCAST:00000519,GOLDEN-01-BROADCAST,9bfa4242b1512799c45d802f650cc76bf519b248c54254a7fecdd236f21bd39b,519,20.760000000,3840,2160,broadcast elevated camera,tracking,TRACK-G01-01,PENDING,golden_eval
GOLDEN-01-BROADCAST:00000520,GOLDEN-01-BROADCAST,9bfa4242b1512799c45d802f650cc76bf519b248c54254a7fecdd236f21bd39b,520,20.800000000,3840,2160,broadcast elevated camera,tracking,TRACK-G01-01,PENDING,golden_eval
GOLDEN-01-BROADCAST:00000521,GOLDEN-01-BROADCAST,9bfa4242b1512799c45d802f650cc76bf519b248c54254a7fecdd236f21bd39b,521,20.840000000,3840,2160,broadcast elevated camera,tracking,TRACK-G01-01,PENDING,golden_eval
GOLDEN-01-BROADCAST:00000522,GOLDEN-01-BROADCAST,9bfa4242b1512799c45d802f650cc76bf519b248c54254a7fecdd236f21bd39b,522,20.880000000,3840,2160,broadcast elevated camera,tracking,TRACK-G01-01,PENDING,golden_eval
GOLDEN-01-BROADCAST:00000523,GOLDEN-01-BROADCAST,9bfa4242b1512799c45d802f650cc76bf519b248c54254a7fecdd236f21bd39b,523,20.920000000,3840,2160,broadcast elevated camera,tracking,TRACK-G01-01,PENDING,golden_eval
GOLDEN-01-BROADCAST:00000524,GOLDEN-01-BROADCAST,9bfa4242b1512799c45d802f650cc76bf519b248c54254a7fecdd236f21bd39b,524,20.960000000,3840,2160,broadcast elevated camera,tracking,TRACK-G01-01,PENDING,golden_eval
GOLDEN-01-BROADCAST:00000525,GOLDEN-01-BROADCAST,9bfa4242b1512799c45d802f650cc76bf519b248c54254a7fecdd236f21bd39b,525,21.000000000,3840,2160,broadcast elevated camera,sparse+tracking,TRACK-G01-01,PENDING,golden_eval
GOLDEN-01-BROADCAST:00000526,GOLDEN-01-BROADCAST,9bfa4242b1512799c45d802f650cc76bf519b248c54254a7fecdd236f21bd39b,526,21.040000000,3840,2160,broadcast elevated camera,tracking,TRACK-G01-01,PENDING,golden_eval
GOLDEN-01-BROADCAST:00000527,GOLDEN-01-BROADCAST,9bfa4242b1512799c45d802f650cc76bf519b248c54254a7fecdd236f21bd39b,527,21.080000000,3840,2160,broadcast elevated camera,tracking,TRACK-G01-01,PENDING,golden_eval
GOLDEN-01-BROADCAST:00000528,GOLDEN-01-BROADCAST,9bfa4242b1512799c45d802f650cc76bf519b248c54254a7fecdd236f21bd39b,528,21.120000000,3840,2160,broadcast elevated camera,tracking,TRACK-G01-01,PENDING,golden_eval
GOLDEN-01-BROADCAST:00000529,GOLDEN-01-BROADCAST,9bfa4242b1512799c45d802f650cc76bf519b248c54254a7fecdd236f21bd39b,529,21.160000000,3840,2160,broadcast elevated camera,tracking,TRACK-G01-01,PENDING,golden_eval
GOLDEN-01-BROADCAST:00000530,GOLDEN-01-BROADCAST,9bfa4242b1512799c45d802f650cc76bf519b248c54254a7fecdd236f21bd39b,530,21.200000000,3840,2160,broadcast elevated camera,tracking,TRACK-G01-01,PENDING,golden_eval
GOLDEN-01-BROADCAST:00000531,GOLDEN-01-BROADCAST,9bfa4242b1512799c45d802f650cc76bf519b248c54254a7fecdd236f21bd39b,531,21.240000000,3840,2160,broadcast elevated camera,tracking,TRACK-G01-01,PENDING,golden_eval
GOLDEN-01-BROADCAST:00000532,GOLDEN-01-BROADCAST,9bfa4242b1512799c45d802f650cc76bf519b248c54254a7fecdd236f21bd39b,532,21.280000000,3840,2160,broadcast elevated camera,tracking,TRACK-G01-01,PENDING,golden_eval
GOLDEN-01-BROADCAST:00000533,GOLDEN-01-BROADCAST,9bfa4242b1512799c45d802f650cc76bf519b248c54254a7fecdd236f21bd39b,533,21.320000000,3840,2160,broadcast elevated camera,tracking,TRACK-G01-01,PENDING,golden_eval
GOLDEN-01-BROADCAST:00000534,GOLDEN-01-BROADCAST,9bfa4242b1512799c45d802f650cc76bf519b248c54254a7fecdd236f21bd39b,534,21.360000000,3840,2160,broadcast elevated camera,tracking,TRACK-G01-01,PENDING,golden_eval
GOLDEN-01-BROADCAST:00000535,GOLDEN-01-BROADCAST,9bfa4242b1512799c45d802f650cc76bf519b248c54254a7fecdd236f21bd39b,535,21.400000000,3840,2160,broadcast elevated camera,tracking,TRACK-G01-01,PENDING,golden_eval
GOLDEN-01-BROADCAST:00000536,GOLDEN-01-BROADCAST,9bfa4242b1512799c45d802f650cc76bf519b248c54254a7fecdd236f21bd39b,536,21.440000000,3840,2160,broadcast elevated camera,tracking,TRACK-G01-01,PENDING,golden_eval
GOLDEN-01-BROADCAST:00000537,GOLDEN-01-BROADCAST,9bfa4242b1512799c45d802f650cc76bf519b248c54254a7fecdd236f21bd39b,537,21.480000000,3840,2160,broadcast elevated camera,tracking,TRACK-G01-01,PENDING,golden_eval
GOLDEN-01-BROADCAST:00000538,GOLDEN-01-BROADCAST,9bfa4242b1512799c45d802f650cc76bf519b248c54254a7fecdd236f21bd39b,538,21.520000000,3840,2160,broadcast elevated camera,tracking,TRACK-G01-01,PENDING,golden_eval
GOLDEN-01-BROADCAST:00000539,GOLDEN-01-BROADCAST,9bfa4242b1512799c45d802f650cc76bf519b248c54254a7fecdd236f21bd39b,539,21.560000000,3840,2160,broadcast elevated camera,tracking,TRACK-G01-01,PENDING,golden_eval
GOLDEN-01-BROADCAST:00000540,GOLDEN-01-BROADCAST,9bfa4242b1512799c45d802f650cc76bf519b248c54254a7fecdd236f21bd39b,540,21.600000000,3840,2160,broadcast elevated camera,tracking,TRACK-G01-01,PENDING,golden_eval
GOLDEN-01-BROADCAST:00000541,GOLDEN-01-BROADCAST,9bfa4242b1512799c45d802f650cc76bf519b248c54254a7fecdd236f21bd39b,541,21.640000000,3840,2160,broadcast elevated camera,tracking,TRACK-G01-01,PENDING,golden_eval
GOLDEN-01-BROADCAST:00000542,GOLDEN-01-BROADCAST,9bfa4242b1512799c45d802f650cc76bf519b248c54254a7fecdd236f21bd39b,542,21.680000000,3840,2160,broadcast elevated camera,tracking,TRACK-G01-01,PENDING,golden_eval
GOLDEN-01-BROADCAST:00000543,GOLDEN-01-BROADCAST,9bfa4242b1512799c45d802f650cc76bf519b248c54254a7fecdd236f21bd39b,543,21.720000000,3840,2160,broadcast elevated camera,tracking,TRACK-G01-01,PENDING,golden_eval
GOLDEN-01-BROADCAST:00000544,GOLDEN-01-BROADCAST,9bfa4242b1512799c45d802f650cc76bf519b248c54254a7fecdd236f21bd39b,544,21.760000000,3840,2160,broadcast elevated camera,tracking,TRACK-G01-01,PENDING,golden_eval
GOLDEN-01-BROADCAST:00000545,GOLDEN-01-BROADCAST,9bfa4242b1512799c45d802f650cc76bf519b248c54254a7fecdd236f21bd39b,545,21.800000000,3840,2160,broadcast elevated camera,tracking,TRACK-G01-01,PENDING,golden_eval
GOLDEN-01-BROADCAST:00000546,GOLDEN-01-BROADCAST,9bfa4242b1512799c45d802f650cc76bf519b248c54254a7fecdd236f21bd39b,546,21.840000000,3840,2160,broadcast elevated camera,tracking,TRACK-G01-01,PENDING,golden_eval
GOLDEN-01-BROADCAST:00000547,GOLDEN-01-BROADCAST,9bfa4242b1512799c45d802f650cc76bf519b248c54254a7fecdd236f21bd39b,547,21.880000000,3840,2160,broadcast elevated camera,tracking,TRACK-G01-01,PENDING,golden_eval
GOLDEN-01-BROADCAST:00000548,GOLDEN-01-BROADCAST,9bfa4242b1512799c45d802f650cc76bf519b248c54254a7fecdd236f21bd39b,548,21.920000000,3840,2160,broadcast elevated camera,tracking,TRACK-G01-01,PENDING,golden_eval
GOLDEN-01-BROADCAST:00000549,GOLDEN-01-BROADCAST,9bfa4242b1512799c45d802f650cc76bf519b248c54254a7fecdd236f21bd39b,549,21.960000000,3840,2160,broadcast elevated camera,tracking,TRACK-G01-01,PENDING,golden_eval
GOLDEN-01-BROADCAST:00000550,GOLDEN-01-BROADCAST,9bfa4242b1512799c45d802f650cc76bf519b248c54254a7fecdd236f21bd39b,550,22.000000000,3840,2160,broadcast elevated camera,sparse,,PENDING,golden_eval
GOLDEN-01-BROADCAST:00000575,GOLDEN-01-BROADCAST,9bfa4242b1512799c45d802f650cc76bf519b248c54254a7fecdd236f21bd39b,575,23.000000000,3840,2160,broadcast elevated camera,sparse,,PENDING,golden_eval
GOLDEN-01-BROADCAST:00000600,GOLDEN-01-BROADCAST,9bfa4242b1512799c45d802f650cc76bf519b248c54254a7fecdd236f21bd39b,600,24.000000000,3840,2160,broadcast elevated camera,sparse,,PENDING,golden_eval
GOLDEN-01-BROADCAST:00000625,GOLDEN-01-BROADCAST,9bfa4242b1512799c45d802f650cc76bf519b248c54254a7fecdd236f21bd39b,625,25.000000000,3840,2160,broadcast elevated camera,sparse,,PENDING,golden_eval
GOLDEN-01-BROADCAST:00000650,GOLDEN-01-BROADCAST,9bfa4242b1512799c45d802f650cc76bf519b248c54254a7fecdd236f21bd39b,650,26.000000000,3840,2160,broadcast elevated camera,sparse,,PENDING,golden_eval
GOLDEN-01-BROADCAST:00000675,GOLDEN-01-BROADCAST,9bfa4242b1512799c45d802f650cc76bf519b248c54254a7fecdd236f21bd39b,675,27.000000000,3840,2160,broadcast elevated camera,sparse,,PENDING,golden_eval
GOLDEN-01-BROADCAST:00000700,GOLDEN-01-BROADCAST,9bfa4242b1512799c45d802f650cc76bf519b248c54254a7fecdd236f21bd39b,700,28.000000000,3840,2160,broadcast elevated camera,sparse,,PENDING,golden_eval
GOLDEN-01-BROADCAST:00000725,GOLDEN-01-BROADCAST,9bfa4242b1512799c45d802f650cc76bf519b248c54254a7fecdd236f21bd39b,725,29.000000000,3840,2160,broadcast elevated camera,sparse,,PENDING,golden_eval
GOLDEN-01-BROADCAST:00000750,GOLDEN-01-BROADCAST,9bfa4242b1512799c45d802f650cc76bf519b248c54254a7fecdd236f21bd39b,750,30.000000000,3840,2160,broadcast elevated camera,sparse,,PENDING,golden_eval
GOLDEN-01-BROADCAST:00000775,GOLDEN-01-BROADCAST,9bfa4242b1512799c45d802f650cc76bf519b248c54254a7fecdd236f21bd39b,775,31.000000000,3840,2160,broadcast elevated camera,sparse,,PENDING,golden_eval
GOLDEN-01-BROADCAST:00000800,GOLDEN-01-BROADCAST,9bfa4242b1512799c45d802f650cc76bf519b248c54254a7fecdd236f21bd39b,800,32.000000000,3840,2160,broadcast elevated camera,sparse,,PENDING,golden_eval
GOLDEN-01-BROADCAST:00000825,GOLDEN-01-BROADCAST,9bfa4242b1512799c45d802f650cc76bf519b248c54254a7fecdd236f21bd39b,825,33.000000000,3840,2160,broadcast elevated camera,sparse,,PENDING,golden_eval
GOLDEN-01-BROADCAST:00000850,GOLDEN-01-BROADCAST,9bfa4242b1512799c45d802f650cc76bf519b248c54254a7fecdd236f21bd39b,850,34.000000000,3840,2160,broadcast elevated camera,sparse,,PENDING,golden_eval
GOLDEN-01-BROADCAST:00000875,GOLDEN-01-BROADCAST,9bfa4242b1512799c45d802f650cc76bf519b248c54254a7fecdd236f21bd39b,875,35.000000000,3840,2160,broadcast elevated camera,sparse,,PENDING,golden_eval
GOLDEN-01-BROADCAST:00000900,GOLDEN-01-BROADCAST,9bfa4242b1512799c45d802f650cc76bf519b248c54254a7fecdd236f21bd39b,900,36.000000000,3840,2160,broadcast elevated camera,sparse,,PENDING,golden_eval
GOLDEN-01-BROADCAST:00000925,GOLDEN-01-BROADCAST,9bfa4242b1512799c45d802f650cc76bf519b248c54254a7fecdd236f21bd39b,925,37.000000000,3840,2160,broadcast elevated camera,sparse,,PENDING,golden_eval
GOLDEN-01-BROADCAST:00000950,GOLDEN-01-BROADCAST,9bfa4242b1512799c45d802f650cc76bf519b248c54254a7fecdd236f21bd39b,950,38.000000000,3840,2160,broadcast elevated camera,sparse,,PENDING,golden_eval
GOLDEN-01-BROADCAST:00000975,GOLDEN-01-BROADCAST,9bfa4242b1512799c45d802f650cc76bf519b248c54254a7fecdd236f21bd39b,975,39.000000000,3840,2160,broadcast elevated camera,sparse,,PENDING,golden_eval
GOLDEN-01-BROADCAST:00001000,GOLDEN-01-BROADCAST,9bfa4242b1512799c45d802f650cc76bf519b248c54254a7fecdd236f21bd39b,1000,40.000000000,3840,2160,broadcast elevated camera,sparse,,PENDING,golden_eval
GOLDEN-01-BROADCAST:00001025,GOLDEN-01-BROADCAST,9bfa4242b1512799c45d802f650cc76bf519b248c54254a7fecdd236f21bd39b,1025,41.000000000,3840,2160,broadcast elevated camera,sparse,,PENDING,golden_eval
GOLDEN-01-BROADCAST:00001050,GOLDEN-01-BROADCAST,9bfa4242b1512799c45d802f650cc76bf519b248c54254a7fecdd236f21bd39b,1050,42.000000000,3840,2160,broadcast elevated camera,sparse,,PENDING,golden_eval
GOLDEN-01-BROADCAST:00001075,GOLDEN-01-BROADCAST,9bfa4242b1512799c45d802f650cc76bf519b248c54254a7fecdd236f21bd39b,1075,43.000000000,3840,2160,broadcast elevated camera,sparse,,PENDING,golden_eval
GOLDEN-01-BROADCAST:00001100,GOLDEN-01-BROADCAST,9bfa4242b1512799c45d802f650cc76bf519b248c54254a7fecdd236f21bd39b,1100,44.000000000,3840,2160,broadcast elevated camera,sparse,,PENDING,golden_eval
GOLDEN-01-BROADCAST:00001125,GOLDEN-01-BROADCAST,9bfa4242b1512799c45d802f650cc76bf519b248c54254a7fecdd236f21bd39b,1125,45.000000000,3840,2160,broadcast elevated camera,sparse,,PENDING,golden_eval
GOLDEN-01-BROADCAST:00001150,GOLDEN-01-BROADCAST,9bfa4242b1512799c45d802f650cc76bf519b248c54254a7fecdd236f21bd39b,1150,46.000000000,3840,2160,broadcast elevated camera,sparse,,PENDING,golden_eval
GOLDEN-01-BROADCAST:00001175,GOLDEN-01-BROADCAST,9bfa4242b1512799c45d802f650cc76bf519b248c54254a7fecdd236f21bd39b,1175,47.000000000,3840,2160,broadcast elevated camera,sparse,,PENDING,golden_eval
GOLDEN-01-BROADCAST:00001200,GOLDEN-01-BROADCAST,9bfa4242b1512799c45d802f650cc76bf519b248c54254a7fecdd236f21bd39b,1200,48.000000000,3840,2160,broadcast elevated camera,sparse,,PENDING,golden_eval
GOLDEN-01-BROADCAST:00001225,GOLDEN-01-BROADCAST,9bfa4242b1512799c45d802f650cc76bf519b248c54254a7fecdd236f21bd39b,1225,49.000000000,3840,2160,broadcast elevated camera,sparse,,PENDING,golden_eval
GOLDEN-01-BROADCAST:00001250,GOLDEN-01-BROADCAST,9bfa4242b1512799c45d802f650cc76bf519b248c54254a7fecdd236f21bd39b,1250,50.000000000,3840,2160,broadcast elevated camera,sparse,,PENDING,golden_eval
GOLDEN-01-BROADCAST:00001275,GOLDEN-01-BROADCAST,9bfa4242b1512799c45d802f650cc76bf519b248c54254a7fecdd236f21bd39b,1275,51.000000000,3840,2160,broadcast elevated camera,sparse,,PENDING,golden_eval
GOLDEN-01-BROADCAST:00001300,GOLDEN-01-BROADCAST,9bfa4242b1512799c45d802f650cc76bf519b248c54254a7fecdd236f21bd39b,1300,52.000000000,3840,2160,broadcast elevated camera,sparse,,PENDING,golden_eval
GOLDEN-01-BROADCAST:00001325,GOLDEN-01-BROADCAST,9bfa4242b1512799c45d802f650cc76bf519b248c54254a7fecdd236f21bd39b,1325,53.000000000,3840,2160,broadcast elevated camera,sparse,,PENDING,golden_eval
GOLDEN-01-BROADCAST:00001350,GOLDEN-01-BROADCAST,9bfa4242b1512799c45d802f650cc76bf519b248c54254a7fecdd236f21bd39b,1350,54.000000000,3840,2160,broadcast elevated camera,sparse,,PENDING,golden_eval
GOLDEN-01-BROADCAST:00001375,GOLDEN-01-BROADCAST,9bfa4242b1512799c45d802f650cc76bf519b248c54254a7fecdd236f21bd39b,1375,55.000000000,3840,2160,broadcast elevated camera,sparse,,PENDING,golden_eval
GOLDEN-01-BROADCAST:00001400,GOLDEN-01-BROADCAST,9bfa4242b1512799c45d802f650cc76bf519b248c54254a7fecdd236f21bd39b,1400,56.000000000,3840,2160,broadcast elevated camera,sparse,,PENDING,golden_eval
GOLDEN-01-BROADCAST:00001425,GOLDEN-01-BROADCAST,9bfa4242b1512799c45d802f650cc76bf519b248c54254a7fecdd236f21bd39b,1425,57.000000000,3840,2160,broadcast elevated camera,sparse,,PENDING,golden_eval
GOLDEN-01-BROADCAST:00001450,GOLDEN-01-BROADCAST,9bfa4242b1512799c45d802f650cc76bf519b248c54254a7fecdd236f21bd39b,1450,58.000000000,3840,2160,broadcast elevated camera,sparse,,PENDING,golden_eval
GOLDEN-01-BROADCAST:00001475,GOLDEN-01-BROADCAST,9bfa4242b1512799c45d802f650cc76bf519b248c54254a7fecdd236f21bd39b,1475,59.000000000,3840,2160,broadcast elevated camera,sparse,,PENDING,golden_eval
GOLDEN-01-BROADCAST:00001500,GOLDEN-01-BROADCAST,9bfa4242b1512799c45d802f650cc76bf519b248c54254a7fecdd236f21bd39b,1500,60.000000000,3840,2160,broadcast elevated camera,sparse,,PENDING,golden_eval
GOLDEN-01-BROADCAST:00001525,GOLDEN-01-BROADCAST,9bfa4242b1512799c45d802f650cc76bf519b248c54254a7fecdd236f21bd39b,1525,61.000000000,3840,2160,broadcast elevated camera,sparse,,PENDING,golden_eval
GOLDEN-01-BROADCAST:00001550,GOLDEN-01-BROADCAST,9bfa4242b1512799c45d802f650cc76bf519b248c54254a7fecdd236f21bd39b,1550,62.000000000,3840,2160,broadcast elevated camera,sparse,,PENDING,golden_eval
GOLDEN-01-BROADCAST:00001575,GOLDEN-01-BROADCAST,9bfa4242b1512799c45d802f650cc76bf519b248c54254a7fecdd236f21bd39b,1575,63.000000000,3840,2160,broadcast elevated camera,sparse,,PENDING,golden_eval
GOLDEN-01-BROADCAST:00001600,GOLDEN-01-BROADCAST,9bfa4242b1512799c45d802f650cc76bf519b248c54254a7fecdd236f21bd39b,1600,64.000000000,3840,2160,broadcast elevated camera,sparse,,PENDING,golden_eval
GOLDEN-01-BROADCAST:00001625,GOLDEN-01-BROADCAST,9bfa4242b1512799c45d802f650cc76bf519b248c54254a7fecdd236f21bd39b,1625,65.000000000,3840,2160,broadcast elevated camera,sparse,,PENDING,golden_eval
GOLDEN-01-BROADCAST:00001650,GOLDEN-01-BROADCAST,9bfa4242b1512799c45d802f650cc76bf519b248c54254a7fecdd236f21bd39b,1650,66.000000000,3840,2160,broadcast elevated camera,sparse,,PENDING,golden_eval
GOLDEN-01-BROADCAST:00001675,GOLDEN-01-BROADCAST,9bfa4242b1512799c45d802f650cc76bf519b248c54254a7fecdd236f21bd39b,1675,67.000000000,3840,2160,broadcast elevated camera,sparse,,PENDING,golden_eval
GOLDEN-01-BROADCAST:00001700,GOLDEN-01-BROADCAST,9bfa4242b1512799c45d802f650cc76bf519b248c54254a7fecdd236f21bd39b,1700,68.000000000,3840,2160,broadcast elevated camera,sparse,,PENDING,golden_eval
GOLDEN-01-BROADCAST:00001725,GOLDEN-01-BROADCAST,9bfa4242b1512799c45d802f650cc76bf519b248c54254a7fecdd236f21bd39b,1725,69.000000000,3840,2160,broadcast elevated camera,sparse,,PENDING,golden_eval
GOLDEN-01-BROADCAST:00001750,GOLDEN-01-BROADCAST,9bfa4242b1512799c45d802f650cc76bf519b248c54254a7fecdd236f21bd39b,1750,70.000000000,3840,2160,broadcast elevated camera,sparse,,PENDING,golden_eval
GOLDEN-01-BROADCAST:00001775,GOLDEN-01-BROADCAST,9bfa4242b1512799c45d802f650cc76bf519b248c54254a7fecdd236f21bd39b,1775,71.000000000,3840,2160,broadcast elevated camera,sparse,,PENDING,golden_eval
GOLDEN-01-BROADCAST:00001800,GOLDEN-01-BROADCAST,9bfa4242b1512799c45d802f650cc76bf519b248c54254a7fecdd236f21bd39b,1800,72.000000000,3840,2160,broadcast elevated camera,sparse,,PENDING,golden_eval
GOLDEN-01-BROADCAST:00001825,GOLDEN-01-BROADCAST,9bfa4242b1512799c45d802f650cc76bf519b248c54254a7fecdd236f21bd39b,1825,73.000000000,3840,2160,broadcast elevated camera,sparse,,PENDING,golden_eval
GOLDEN-01-BROADCAST:00001850,GOLDEN-01-BROADCAST,9bfa4242b1512799c45d802f650cc76bf519b248c54254a7fecdd236f21bd39b,1850,74.000000000,3840,2160,broadcast elevated camera,sparse,,PENDING,golden_eval
GOLDEN-01-BROADCAST:00001875,GOLDEN-01-BROADCAST,9bfa4242b1512799c45d802f650cc76bf519b248c54254a7fecdd236f21bd39b,1875,75.000000000,3840,2160,broadcast elevated camera,sparse,,PENDING,golden_eval
GOLDEN-01-BROADCAST:00001900,GOLDEN-01-BROADCAST,9bfa4242b1512799c45d802f650cc76bf519b248c54254a7fecdd236f21bd39b,1900,76.000000000,3840,2160,broadcast elevated camera,sparse,,PENDING,golden_eval
GOLDEN-01-BROADCAST:00001925,GOLDEN-01-BROADCAST,9bfa4242b1512799c45d802f650cc76bf519b248c54254a7fecdd236f21bd39b,1925,77.000000000,3840,2160,broadcast elevated camera,sparse,,PENDING,golden_eval
GOLDEN-01-BROADCAST:00001950,GOLDEN-01-BROADCAST,9bfa4242b1512799c45d802f650cc76bf519b248c54254a7fecdd236f21bd39b,1950,78.000000000,3840,2160,broadcast elevated camera,sparse,,PENDING,golden_eval
GOLDEN-01-BROADCAST:00001975,GOLDEN-01-BROADCAST,9bfa4242b1512799c45d802f650cc76bf519b248c54254a7fecdd236f21bd39b,1975,79.000000000,3840,2160,broadcast elevated camera,sparse,,PENDING,golden_eval
GOLDEN-01-BROADCAST:00002000,GOLDEN-01-BROADCAST,9bfa4242b1512799c45d802f650cc76bf519b248c54254a7fecdd236f21bd39b,2000,80.000000000,3840,2160,broadcast elevated camera,sparse,,PENDING,golden_eval
GOLDEN-01-BROADCAST:00002025,GOLDEN-01-BROADCAST,9bfa4242b1512799c45d802f650cc76bf519b248c54254a7fecdd236f21bd39b,2025,81.000000000,3840,2160,broadcast elevated camera,sparse,,PENDING,golden_eval
GOLDEN-01-BROADCAST:00002050,GOLDEN-01-BROADCAST,9bfa4242b1512799c45d802f650cc76bf519b248c54254a7fecdd236f21bd39b,2050,82.000000000,3840,2160,broadcast elevated camera,sparse,,PENDING,golden_eval
GOLDEN-01-BROADCAST:00002075,GOLDEN-01-BROADCAST,9bfa4242b1512799c45d802f650cc76bf519b248c54254a7fecdd236f21bd39b,2075,83.000000000,3840,2160,broadcast elevated camera,sparse,,PENDING,golden_eval
GOLDEN-01-BROADCAST:00002100,GOLDEN-01-BROADCAST,9bfa4242b1512799c45d802f650cc76bf519b248c54254a7fecdd236f21bd39b,2100,84.000000000,3840,2160,broadcast elevated camera,sparse,,PENDING,golden_eval
GOLDEN-01-BROADCAST:00002125,GOLDEN-01-BROADCAST,9bfa4242b1512799c45d802f650cc76bf519b248c54254a7fecdd236f21bd39b,2125,85.000000000,3840,2160,broadcast elevated camera,sparse,,PENDING,golden_eval
GOLDEN-01-BROADCAST:00002150,GOLDEN-01-BROADCAST,9bfa4242b1512799c45d802f650cc76bf519b248c54254a7fecdd236f21bd39b,2150,86.000000000,3840,2160,broadcast elevated camera,sparse,,PENDING,golden_eval
GOLDEN-01-BROADCAST:00002175,GOLDEN-01-BROADCAST,9bfa4242b1512799c45d802f650cc76bf519b248c54254a7fecdd236f21bd39b,2175,87.000000000,3840,2160,broadcast elevated camera,sparse,,PENDING,golden_eval
GOLDEN-01-BROADCAST:00002200,GOLDEN-01-BROADCAST,9bfa4242b1512799c45d802f650cc76bf519b248c54254a7fecdd236f21bd39b,2200,88.000000000,3840,2160,broadcast elevated camera,sparse,,PENDING,golden_eval
GOLDEN-01-BROADCAST:00002225,GOLDEN-01-BROADCAST,9bfa4242b1512799c45d802f650cc76bf519b248c54254a7fecdd236f21bd39b,2225,89.000000000,3840,2160,broadcast elevated camera,sparse,,PENDING,golden_eval
GOLDEN-01-BROADCAST:00002250,GOLDEN-01-BROADCAST,9bfa4242b1512799c45d802f650cc76bf519b248c54254a7fecdd236f21bd39b,2250,90.000000000,3840,2160,broadcast elevated camera,sparse,,PENDING,golden_eval
GOLDEN-01-BROADCAST:00002275,GOLDEN-01-BROADCAST,9bfa4242b1512799c45d802f650cc76bf519b248c54254a7fecdd236f21bd39b,2275,91.000000000,3840,2160,broadcast elevated camera,sparse,,PENDING,golden_eval
GOLDEN-01-BROADCAST:00002300,GOLDEN-01-BROADCAST,9bfa4242b1512799c45d802f650cc76bf519b248c54254a7fecdd236f21bd39b,2300,92.000000000,3840,2160,broadcast elevated camera,sparse,,PENDING,golden_eval
GOLDEN-01-BROADCAST:00002325,GOLDEN-01-BROADCAST,9bfa4242b1512799c45d802f650cc76bf519b248c54254a7fecdd236f21bd39b,2325,93.000000000,3840,2160,broadcast elevated camera,sparse,,PENDING,golden_eval
GOLDEN-01-BROADCAST:00002350,GOLDEN-01-BROADCAST,9bfa4242b1512799c45d802f650cc76bf519b248c54254a7fecdd236f21bd39b,2350,94.000000000,3840,2160,broadcast elevated camera,sparse,,PENDING,golden_eval
GOLDEN-01-BROADCAST:00002375,GOLDEN-01-BROADCAST,9bfa4242b1512799c45d802f650cc76bf519b248c54254a7fecdd236f21bd39b,2375,95.000000000,3840,2160,broadcast elevated camera,sparse,,PENDING,golden_eval
GOLDEN-01-BROADCAST:00002400,GOLDEN-01-BROADCAST,9bfa4242b1512799c45d802f650cc76bf519b248c54254a7fecdd236f21bd39b,2400,96.000000000,3840,2160,broadcast elevated camera,sparse,,PENDING,golden_eval
GOLDEN-01-BROADCAST:00002425,GOLDEN-01-BROADCAST,9bfa4242b1512799c45d802f650cc76bf519b248c54254a7fecdd236f21bd39b,2425,97.000000000,3840,2160,broadcast elevated camera,sparse,,PENDING,golden_eval
GOLDEN-01-BROADCAST:00002450,GOLDEN-01-BROADCAST,9bfa4242b1512799c45d802f650cc76bf519b248c54254a7fecdd236f21bd39b,2450,98.000000000,3840,2160,broadcast elevated camera,sparse,,PENDING,golden_eval
GOLDEN-01-BROADCAST:00002475,GOLDEN-01-BROADCAST,9bfa4242b1512799c45d802f650cc76bf519b248c54254a7fecdd236f21bd39b,2475,99.000000000,3840,2160,broadcast elevated camera,sparse,,PENDING,golden_eval
GOLDEN-01-BROADCAST:00002500,GOLDEN-01-BROADCAST,9bfa4242b1512799c45d802f650cc76bf519b248c54254a7fecdd236f21bd39b,2500,100.000000000,3840,2160,broadcast elevated camera,sparse+tracking,TRACK-G01-02,PENDING,golden_eval
GOLDEN-01-BROADCAST:00002501,GOLDEN-01-BROADCAST,9bfa4242b1512799c45d802f650cc76bf519b248c54254a7fecdd236f21bd39b,2501,100.040000000,3840,2160,broadcast elevated camera,tracking,TRACK-G01-02,PENDING,golden_eval
GOLDEN-01-BROADCAST:00002502,GOLDEN-01-BROADCAST,9bfa4242b1512799c45d802f650cc76bf519b248c54254a7fecdd236f21bd39b,2502,100.080000000,3840,2160,broadcast elevated camera,tracking,TRACK-G01-02,PENDING,golden_eval
GOLDEN-01-BROADCAST:00002503,GOLDEN-01-BROADCAST,9bfa4242b1512799c45d802f650cc76bf519b248c54254a7fecdd236f21bd39b,2503,100.120000000,3840,2160,broadcast elevated camera,tracking,TRACK-G01-02,PENDING,golden_eval
GOLDEN-01-BROADCAST:00002504,GOLDEN-01-BROADCAST,9bfa4242b1512799c45d802f650cc76bf519b248c54254a7fecdd236f21bd39b,2504,100.160000000,3840,2160,broadcast elevated camera,tracking,TRACK-G01-02,PENDING,golden_eval
GOLDEN-01-BROADCAST:00002505,GOLDEN-01-BROADCAST,9bfa4242b1512799c45d802f650cc76bf519b248c54254a7fecdd236f21bd39b,2505,100.200000000,3840,2160,broadcast elevated camera,tracking,TRACK-G01-02,PENDING,golden_eval
GOLDEN-01-BROADCAST:00002506,GOLDEN-01-BROADCAST,9bfa4242b1512799c45d802f650cc76bf519b248c54254a7fecdd236f21bd39b,2506,100.240000000,3840,2160,broadcast elevated camera,tracking,TRACK-G01-02,PENDING,golden_eval
GOLDEN-01-BROADCAST:00002507,GOLDEN-01-BROADCAST,9bfa4242b1512799c45d802f650cc76bf519b248c54254a7fecdd236f21bd39b,2507,100.280000000,3840,2160,broadcast elevated camera,tracking,TRACK-G01-02,PENDING,golden_eval
GOLDEN-01-BROADCAST:00002508,GOLDEN-01-BROADCAST,9bfa4242b1512799c45d802f650cc76bf519b248c54254a7fecdd236f21bd39b,2508,100.320000000,3840,2160,broadcast elevated camera,tracking,TRACK-G01-02,PENDING,golden_eval
GOLDEN-01-BROADCAST:00002509,GOLDEN-01-BROADCAST,9bfa4242b1512799c45d802f650cc76bf519b248c54254a7fecdd236f21bd39b,2509,100.360000000,3840,2160,broadcast elevated camera,tracking,TRACK-G01-02,PENDING,golden_eval
GOLDEN-01-BROADCAST:00002510,GOLDEN-01-BROADCAST,9bfa4242b1512799c45d802f650cc76bf519b248c54254a7fecdd236f21bd39b,2510,100.400000000,3840,2160,broadcast elevated camera,tracking,TRACK-G01-02,PENDING,golden_eval
GOLDEN-01-BROADCAST:00002511,GOLDEN-01-BROADCAST,9bfa4242b1512799c45d802f650cc76bf519b248c54254a7fecdd236f21bd39b,2511,100.440000000,3840,2160,broadcast elevated camera,tracking,TRACK-G01-02,PENDING,golden_eval
GOLDEN-01-BROADCAST:00002512,GOLDEN-01-BROADCAST,9bfa4242b1512799c45d802f650cc76bf519b248c54254a7fecdd236f21bd39b,2512,100.480000000,3840,2160,broadcast elevated camera,tracking,TRACK-G01-02,PENDING,golden_eval
GOLDEN-01-BROADCAST:00002513,GOLDEN-01-BROADCAST,9bfa4242b1512799c45d802f650cc76bf519b248c54254a7fecdd236f21bd39b,2513,100.520000000,3840,2160,broadcast elevated camera,tracking,TRACK-G01-02,PENDING,golden_eval
GOLDEN-01-BROADCAST:00002514,GOLDEN-01-BROADCAST,9bfa4242b1512799c45d802f650cc76bf519b248c54254a7fecdd236f21bd39b,2514,100.560000000,3840,2160,broadcast elevated camera,tracking,TRACK-G01-02,PENDING,golden_eval
GOLDEN-01-BROADCAST:00002515,GOLDEN-01-BROADCAST,9bfa4242b1512799c45d802f650cc76bf519b248c54254a7fecdd236f21bd39b,2515,100.600000000,3840,2160,broadcast elevated camera,tracking,TRACK-G01-02,PENDING,golden_eval
GOLDEN-01-BROADCAST:00002516,GOLDEN-01-BROADCAST,9bfa4242b1512799c45d802f650cc76bf519b248c54254a7fecdd236f21bd39b,2516,100.640000000,3840,2160,broadcast elevated camera,tracking,TRACK-G01-02,PENDING,golden_eval
GOLDEN-01-BROADCAST:00002517,GOLDEN-01-BROADCAST,9bfa4242b1512799c45d802f650cc76bf519b248c54254a7fecdd236f21bd39b,2517,100.680000000,3840,2160,broadcast elevated camera,tracking,TRACK-G01-02,PENDING,golden_eval
GOLDEN-01-BROADCAST:00002518,GOLDEN-01-BROADCAST,9bfa4242b1512799c45d802f650cc76bf519b248c54254a7fecdd236f21bd39b,2518,100.720000000,3840,2160,broadcast elevated camera,tracking,TRACK-G01-02,PENDING,golden_eval
GOLDEN-01-BROADCAST:00002519,GOLDEN-01-BROADCAST,9bfa4242b1512799c45d802f650cc76bf519b248c54254a7fecdd236f21bd39b,2519,100.760000000,3840,2160,broadcast elevated camera,tracking,TRACK-G01-02,PENDING,golden_eval
GOLDEN-01-BROADCAST:00002520,GOLDEN-01-BROADCAST,9bfa4242b1512799c45d802f650cc76bf519b248c54254a7fecdd236f21bd39b,2520,100.800000000,3840,2160,broadcast elevated camera,tracking,TRACK-G01-02,PENDING,golden_eval
GOLDEN-01-BROADCAST:00002521,GOLDEN-01-BROADCAST,9bfa4242b1512799c45d802f650cc76bf519b248c54254a7fecdd236f21bd39b,2521,100.840000000,3840,2160,broadcast elevated camera,tracking,TRACK-G01-02,PENDING,golden_eval
GOLDEN-01-BROADCAST:00002522,GOLDEN-01-BROADCAST,9bfa4242b1512799c45d802f650cc76bf519b248c54254a7fecdd236f21bd39b,2522,100.880000000,3840,2160,broadcast elevated camera,tracking,TRACK-G01-02,PENDING,golden_eval
GOLDEN-01-BROADCAST:00002523,GOLDEN-01-BROADCAST,9bfa4242b1512799c45d802f650cc76bf519b248c54254a7fecdd236f21bd39b,2523,100.920000000,3840,2160,broadcast elevated camera,tracking,TRACK-G01-02,PENDING,golden_eval
GOLDEN-01-BROADCAST:00002524,GOLDEN-01-BROADCAST,9bfa4242b1512799c45d802f650cc76bf519b248c54254a7fecdd236f21bd39b,2524,100.960000000,3840,2160,broadcast elevated camera,tracking,TRACK-G01-02,PENDING,golden_eval
GOLDEN-01-BROADCAST:00002525,GOLDEN-01-BROADCAST,9bfa4242b1512799c45d802f650cc76bf519b248c54254a7fecdd236f21bd39b,2525,101.000000000,3840,2160,broadcast elevated camera,sparse+tracking,TRACK-G01-02,PENDING,golden_eval
GOLDEN-01-BROADCAST:00002526,GOLDEN-01-BROADCAST,9bfa4242b1512799c45d802f650cc76bf519b248c54254a7fecdd236f21bd39b,2526,101.040000000,3840,2160,broadcast elevated camera,tracking,TRACK-G01-02,PENDING,golden_eval
GOLDEN-01-BROADCAST:00002527,GOLDEN-01-BROADCAST,9bfa4242b1512799c45d802f650cc76bf519b248c54254a7fecdd236f21bd39b,2527,101.080000000,3840,2160,broadcast elevated camera,tracking,TRACK-G01-02,PENDING,golden_eval
GOLDEN-01-BROADCAST:00002528,GOLDEN-01-BROADCAST,9bfa4242b1512799c45d802f650cc76bf519b248c54254a7fecdd236f21bd39b,2528,101.120000000,3840,2160,broadcast elevated camera,tracking,TRACK-G01-02,PENDING,golden_eval
GOLDEN-01-BROADCAST:00002529,GOLDEN-01-BROADCAST,9bfa4242b1512799c45d802f650cc76bf519b248c54254a7fecdd236f21bd39b,2529,101.160000000,3840,2160,broadcast elevated camera,tracking,TRACK-G01-02,PENDING,golden_eval
GOLDEN-01-BROADCAST:00002530,GOLDEN-01-BROADCAST,9bfa4242b1512799c45d802f650cc76bf519b248c54254a7fecdd236f21bd39b,2530,101.200000000,3840,2160,broadcast elevated camera,tracking,TRACK-G01-02,PENDING,golden_eval
GOLDEN-01-BROADCAST:00002531,GOLDEN-01-BROADCAST,9bfa4242b1512799c45d802f650cc76bf519b248c54254a7fecdd236f21bd39b,2531,101.240000000,3840,2160,broadcast elevated camera,tracking,TRACK-G01-02,PENDING,golden_eval
GOLDEN-01-BROADCAST:00002532,GOLDEN-01-BROADCAST,9bfa4242b1512799c45d802f650cc76bf519b248c54254a7fecdd236f21bd39b,2532,101.280000000,3840,2160,broadcast elevated camera,tracking,TRACK-G01-02,PENDING,golden_eval
GOLDEN-01-BROADCAST:00002533,GOLDEN-01-BROADCAST,9bfa4242b1512799c45d802f650cc76bf519b248c54254a7fecdd236f21bd39b,2533,101.320000000,3840,2160,broadcast elevated camera,tracking,TRACK-G01-02,PENDING,golden_eval
GOLDEN-01-BROADCAST:00002534,GOLDEN-01-BROADCAST,9bfa4242b1512799c45d802f650cc76bf519b248c54254a7fecdd236f21bd39b,2534,101.360000000,3840,2160,broadcast elevated camera,tracking,TRACK-G01-02,PENDING,golden_eval
GOLDEN-01-BROADCAST:00002535,GOLDEN-01-BROADCAST,9bfa4242b1512799c45d802f650cc76bf519b248c54254a7fecdd236f21bd39b,2535,101.400000000,3840,2160,broadcast elevated camera,tracking,TRACK-G01-02,PENDING,golden_eval
GOLDEN-01-BROADCAST:00002536,GOLDEN-01-BROADCAST,9bfa4242b1512799c45d802f650cc76bf519b248c54254a7fecdd236f21bd39b,2536,101.440000000,3840,2160,broadcast elevated camera,tracking,TRACK-G01-02,PENDING,golden_eval
GOLDEN-01-BROADCAST:00002537,GOLDEN-01-BROADCAST,9bfa4242b1512799c45d802f650cc76bf519b248c54254a7fecdd236f21bd39b,2537,101.480000000,3840,2160,broadcast elevated camera,tracking,TRACK-G01-02,PENDING,golden_eval
GOLDEN-01-BROADCAST:00002538,GOLDEN-01-BROADCAST,9bfa4242b1512799c45d802f650cc76bf519b248c54254a7fecdd236f21bd39b,2538,101.520000000,3840,2160,broadcast elevated camera,tracking,TRACK-G01-02,PENDING,golden_eval
GOLDEN-01-BROADCAST:00002539,GOLDEN-01-BROADCAST,9bfa4242b1512799c45d802f650cc76bf519b248c54254a7fecdd236f21bd39b,2539,101.560000000,3840,2160,broadcast elevated camera,tracking,TRACK-G01-02,PENDING,golden_eval
GOLDEN-01-BROADCAST:00002540,GOLDEN-01-BROADCAST,9bfa4242b1512799c45d802f650cc76bf519b248c54254a7fecdd236f21bd39b,2540,101.600000000,3840,2160,broadcast elevated camera,tracking,TRACK-G01-02,PENDING,golden_eval
GOLDEN-01-BROADCAST:00002541,GOLDEN-01-BROADCAST,9bfa4242b1512799c45d802f650cc76bf519b248c54254a7fecdd236f21bd39b,2541,101.640000000,3840,2160,broadcast elevated camera,tracking,TRACK-G01-02,PENDING,golden_eval
GOLDEN-01-BROADCAST:00002542,GOLDEN-01-BROADCAST,9bfa4242b1512799c45d802f650cc76bf519b248c54254a7fecdd236f21bd39b,2542,101.680000000,3840,2160,broadcast elevated camera,tracking,TRACK-G01-02,PENDING,golden_eval
GOLDEN-01-BROADCAST:00002543,GOLDEN-01-BROADCAST,9bfa4242b1512799c45d802f650cc76bf519b248c54254a7fecdd236f21bd39b,2543,101.720000000,3840,2160,broadcast elevated camera,tracking,TRACK-G01-02,PENDING,golden_eval
GOLDEN-01-BROADCAST:00002544,GOLDEN-01-BROADCAST,9bfa4242b1512799c45d802f650cc76bf519b248c54254a7fecdd236f21bd39b,2544,101.760000000,3840,2160,broadcast elevated camera,tracking,TRACK-G01-02,PENDING,golden_eval
GOLDEN-01-BROADCAST:00002545,GOLDEN-01-BROADCAST,9bfa4242b1512799c45d802f650cc76bf519b248c54254a7fecdd236f21bd39b,2545,101.800000000,3840,2160,broadcast elevated camera,tracking,TRACK-G01-02,PENDING,golden_eval
GOLDEN-01-BROADCAST:00002546,GOLDEN-01-BROADCAST,9bfa4242b1512799c45d802f650cc76bf519b248c54254a7fecdd236f21bd39b,2546,101.840000000,3840,2160,broadcast elevated camera,tracking,TRACK-G01-02,PENDING,golden_eval
GOLDEN-01-BROADCAST:00002547,GOLDEN-01-BROADCAST,9bfa4242b1512799c45d802f650cc76bf519b248c54254a7fecdd236f21bd39b,2547,101.880000000,3840,2160,broadcast elevated camera,tracking,TRACK-G01-02,PENDING,golden_eval
GOLDEN-01-BROADCAST:00002548,GOLDEN-01-BROADCAST,9bfa4242b1512799c45d802f650cc76bf519b248c54254a7fecdd236f21bd39b,2548,101.920000000,3840,2160,broadcast elevated camera,tracking,TRACK-G01-02,PENDING,golden_eval
GOLDEN-01-BROADCAST:00002549,GOLDEN-01-BROADCAST,9bfa4242b1512799c45d802f650cc76bf519b248c54254a7fecdd236f21bd39b,2549,101.960000000,3840,2160,broadcast elevated camera,tracking,TRACK-G01-02,PENDING,golden_eval
GOLDEN-01-BROADCAST:00002550,GOLDEN-01-BROADCAST,9bfa4242b1512799c45d802f650cc76bf519b248c54254a7fecdd236f21bd39b,2550,102.000000000,3840,2160,broadcast elevated camera,sparse,,PENDING,golden_eval
GOLDEN-01-BROADCAST:00002575,GOLDEN-01-BROADCAST,9bfa4242b1512799c45d802f650cc76bf519b248c54254a7fecdd236f21bd39b,2575,103.000000000,3840,2160,broadcast elevated camera,sparse,,PENDING,golden_eval
GOLDEN-01-BROADCAST:00002600,GOLDEN-01-BROADCAST,9bfa4242b1512799c45d802f650cc76bf519b248c54254a7fecdd236f21bd39b,2600,104.000000000,3840,2160,broadcast elevated camera,sparse,,PENDING,golden_eval
GOLDEN-01-BROADCAST:00002625,GOLDEN-01-BROADCAST,9bfa4242b1512799c45d802f650cc76bf519b248c54254a7fecdd236f21bd39b,2625,105.000000000,3840,2160,broadcast elevated camera,sparse,,PENDING,golden_eval
GOLDEN-01-BROADCAST:00002650,GOLDEN-01-BROADCAST,9bfa4242b1512799c45d802f650cc76bf519b248c54254a7fecdd236f21bd39b,2650,106.000000000,3840,2160,broadcast elevated camera,sparse,,PENDING,golden_eval
GOLDEN-01-BROADCAST:00002675,GOLDEN-01-BROADCAST,9bfa4242b1512799c45d802f650cc76bf519b248c54254a7fecdd236f21bd39b,2675,107.000000000,3840,2160,broadcast elevated camera,sparse,,PENDING,golden_eval
GOLDEN-01-BROADCAST:00002700,GOLDEN-01-BROADCAST,9bfa4242b1512799c45d802f650cc76bf519b248c54254a7fecdd236f21bd39b,2700,108.000000000,3840,2160,broadcast elevated camera,sparse,,PENDING,golden_eval
GOLDEN-01-BROADCAST:00002725,GOLDEN-01-BROADCAST,9bfa4242b1512799c45d802f650cc76bf519b248c54254a7fecdd236f21bd39b,2725,109.000000000,3840,2160,broadcast elevated camera,sparse,,PENDING,golden_eval
GOLDEN-01-BROADCAST:00002750,GOLDEN-01-BROADCAST,9bfa4242b1512799c45d802f650cc76bf519b248c54254a7fecdd236f21bd39b,2750,110.000000000,3840,2160,broadcast elevated camera,sparse,,PENDING,golden_eval
GOLDEN-01-BROADCAST:00002775,GOLDEN-01-BROADCAST,9bfa4242b1512799c45d802f650cc76bf519b248c54254a7fecdd236f21bd39b,2775,111.000000000,3840,2160,broadcast elevated camera,sparse,,PENDING,golden_eval
GOLDEN-01-BROADCAST:00002800,GOLDEN-01-BROADCAST,9bfa4242b1512799c45d802f650cc76bf519b248c54254a7fecdd236f21bd39b,2800,112.000000000,3840,2160,broadcast elevated camera,sparse,,PENDING,golden_eval
GOLDEN-01-BROADCAST:00002825,GOLDEN-01-BROADCAST,9bfa4242b1512799c45d802f650cc76bf519b248c54254a7fecdd236f21bd39b,2825,113.000000000,3840,2160,broadcast elevated camera,sparse,,PENDING,golden_eval
GOLDEN-01-BROADCAST:00002850,GOLDEN-01-BROADCAST,9bfa4242b1512799c45d802f650cc76bf519b248c54254a7fecdd236f21bd39b,2850,114.000000000,3840,2160,broadcast elevated camera,sparse,,PENDING,golden_eval
GOLDEN-01-BROADCAST:00002875,GOLDEN-01-BROADCAST,9bfa4242b1512799c45d802f650cc76bf519b248c54254a7fecdd236f21bd39b,2875,115.000000000,3840,2160,broadcast elevated camera,sparse,,PENDING,golden_eval
GOLDEN-01-BROADCAST:00002900,GOLDEN-01-BROADCAST,9bfa4242b1512799c45d802f650cc76bf519b248c54254a7fecdd236f21bd39b,2900,116.000000000,3840,2160,broadcast elevated camera,sparse,,PENDING,golden_eval
GOLDEN-01-BROADCAST:00002925,GOLDEN-01-BROADCAST,9bfa4242b1512799c45d802f650cc76bf519b248c54254a7fecdd236f21bd39b,2925,117.000000000,3840,2160,broadcast elevated camera,sparse,,PENDING,golden_eval
GOLDEN-01-BROADCAST:00002950,GOLDEN-01-BROADCAST,9bfa4242b1512799c45d802f650cc76bf519b248c54254a7fecdd236f21bd39b,2950,118.000000000,3840,2160,broadcast elevated camera,sparse,,PENDING,golden_eval
GOLDEN-01-BROADCAST:00002975,GOLDEN-01-BROADCAST,9bfa4242b1512799c45d802f650cc76bf519b248c54254a7fecdd236f21bd39b,2975,119.000000000,3840,2160,broadcast elevated camera,sparse,,PENDING,golden_eval
GOLDEN-01-BROADCAST:00003000,GOLDEN-01-BROADCAST,9bfa4242b1512799c45d802f650cc76bf519b248c54254a7fecdd236f21bd39b,3000,120.000000000,3840,2160,broadcast elevated camera,sparse,,PENDING,golden_eval
GOLDEN-01-BROADCAST:00003025,GOLDEN-01-BROADCAST,9bfa4242b1512799c45d802f650cc76bf519b248c54254a7fecdd236f21bd39b,3025,121.000000000,3840,2160,broadcast elevated camera,sparse,,PENDING,golden_eval
GOLDEN-01-BROADCAST:00003050,GOLDEN-01-BROADCAST,9bfa4242b1512799c45d802f650cc76bf519b248c54254a7fecdd236f21bd39b,3050,122.000000000,3840,2160,broadcast elevated camera,sparse,,PENDING,golden_eval
GOLDEN-01-BROADCAST:00003075,GOLDEN-01-BROADCAST,9bfa4242b1512799c45d802f650cc76bf519b248c54254a7fecdd236f21bd39b,3075,123.000000000,3840,2160,broadcast elevated camera,sparse,,PENDING,golden_eval
GOLDEN-01-BROADCAST:00003100,GOLDEN-01-BROADCAST,9bfa4242b1512799c45d802f650cc76bf519b248c54254a7fecdd236f21bd39b,3100,124.000000000,3840,2160,broadcast elevated camera,sparse,,PENDING,golden_eval
GOLDEN-01-BROADCAST:00003125,GOLDEN-01-BROADCAST,9bfa4242b1512799c45d802f650cc76bf519b248c54254a7fecdd236f21bd39b,3125,125.000000000,3840,2160,broadcast elevated camera,sparse,,PENDING,golden_eval
GOLDEN-01-BROADCAST:00003150,GOLDEN-01-BROADCAST,9bfa4242b1512799c45d802f650cc76bf519b248c54254a7fecdd236f21bd39b,3150,126.000000000,3840,2160,broadcast elevated camera,sparse,,PENDING,golden_eval
GOLDEN-01-BROADCAST:00003175,GOLDEN-01-BROADCAST,9bfa4242b1512799c45d802f650cc76bf519b248c54254a7fecdd236f21bd39b,3175,127.000000000,3840,2160,broadcast elevated camera,sparse,,PENDING,golden_eval
GOLDEN-01-BROADCAST:00003200,GOLDEN-01-BROADCAST,9bfa4242b1512799c45d802f650cc76bf519b248c54254a7fecdd236f21bd39b,3200,128.000000000,3840,2160,broadcast elevated camera,sparse,,PENDING,golden_eval
GOLDEN-01-BROADCAST:00003225,GOLDEN-01-BROADCAST,9bfa4242b1512799c45d802f650cc76bf519b248c54254a7fecdd236f21bd39b,3225,129.000000000,3840,2160,broadcast elevated camera,sparse,,PENDING,golden_eval
GOLDEN-01-BROADCAST:00003250,GOLDEN-01-BROADCAST,9bfa4242b1512799c45d802f650cc76bf519b248c54254a7fecdd236f21bd39b,3250,130.000000000,3840,2160,broadcast elevated camera,sparse,,PENDING,golden_eval
GOLDEN-01-BROADCAST:00003275,GOLDEN-01-BROADCAST,9bfa4242b1512799c45d802f650cc76bf519b248c54254a7fecdd236f21bd39b,3275,131.000000000,3840,2160,broadcast elevated camera,sparse,,PENDING,golden_eval
GOLDEN-01-BROADCAST:00003300,GOLDEN-01-BROADCAST,9bfa4242b1512799c45d802f650cc76bf519b248c54254a7fecdd236f21bd39b,3300,132.000000000,3840,2160,broadcast elevated camera,sparse,,PENDING,golden_eval
GOLDEN-01-BROADCAST:00003325,GOLDEN-01-BROADCAST,9bfa4242b1512799c45d802f650cc76bf519b248c54254a7fecdd236f21bd39b,3325,133.000000000,3840,2160,broadcast elevated camera,sparse,,PENDING,golden_eval
GOLDEN-01-BROADCAST:00003350,GOLDEN-01-BROADCAST,9bfa4242b1512799c45d802f650cc76bf519b248c54254a7fecdd236f21bd39b,3350,134.000000000,3840,2160,broadcast elevated camera,sparse,,PENDING,golden_eval
GOLDEN-01-BROADCAST:00003375,GOLDEN-01-BROADCAST,9bfa4242b1512799c45d802f650cc76bf519b248c54254a7fecdd236f21bd39b,3375,135.000000000,3840,2160,broadcast elevated camera,sparse,,PENDING,golden_eval
GOLDEN-01-BROADCAST:00003400,GOLDEN-01-BROADCAST,9bfa4242b1512799c45d802f650cc76bf519b248c54254a7fecdd236f21bd39b,3400,136.000000000,3840,2160,broadcast elevated camera,sparse,,PENDING,golden_eval
GOLDEN-01-BROADCAST:00003425,GOLDEN-01-BROADCAST,9bfa4242b1512799c45d802f650cc76bf519b248c54254a7fecdd236f21bd39b,3425,137.000000000,3840,2160,broadcast elevated camera,sparse,,PENDING,golden_eval
GOLDEN-01-BROADCAST:00003450,GOLDEN-01-BROADCAST,9bfa4242b1512799c45d802f650cc76bf519b248c54254a7fecdd236f21bd39b,3450,138.000000000,3840,2160,broadcast elevated camera,sparse,,PENDING,golden_eval
GOLDEN-01-BROADCAST:00003475,GOLDEN-01-BROADCAST,9bfa4242b1512799c45d802f650cc76bf519b248c54254a7fecdd236f21bd39b,3475,139.000000000,3840,2160,broadcast elevated camera,sparse,,PENDING,golden_eval
GOLDEN-01-BROADCAST:00003500,GOLDEN-01-BROADCAST,9bfa4242b1512799c45d802f650cc76bf519b248c54254a7fecdd236f21bd39b,3500,140.000000000,3840,2160,broadcast elevated camera,sparse,,PENDING,golden_eval
GOLDEN-01-BROADCAST:00003525,GOLDEN-01-BROADCAST,9bfa4242b1512799c45d802f650cc76bf519b248c54254a7fecdd236f21bd39b,3525,141.000000000,3840,2160,broadcast elevated camera,sparse,,PENDING,golden_eval
GOLDEN-01-BROADCAST:00003550,GOLDEN-01-BROADCAST,9bfa4242b1512799c45d802f650cc76bf519b248c54254a7fecdd236f21bd39b,3550,142.000000000,3840,2160,broadcast elevated camera,sparse,,PENDING,golden_eval
GOLDEN-01-BROADCAST:00003575,GOLDEN-01-BROADCAST,9bfa4242b1512799c45d802f650cc76bf519b248c54254a7fecdd236f21bd39b,3575,143.000000000,3840,2160,broadcast elevated camera,sparse,,PENDING,golden_eval
GOLDEN-01-BROADCAST:00003600,GOLDEN-01-BROADCAST,9bfa4242b1512799c45d802f650cc76bf519b248c54254a7fecdd236f21bd39b,3600,144.000000000,3840,2160,broadcast elevated camera,sparse,,PENDING,golden_eval
GOLDEN-01-BROADCAST:00003625,GOLDEN-01-BROADCAST,9bfa4242b1512799c45d802f650cc76bf519b248c54254a7fecdd236f21bd39b,3625,145.000000000,3840,2160,broadcast elevated camera,sparse,,PENDING,golden_eval
GOLDEN-01-BROADCAST:00003650,GOLDEN-01-BROADCAST,9bfa4242b1512799c45d802f650cc76bf519b248c54254a7fecdd236f21bd39b,3650,146.000000000,3840,2160,broadcast elevated camera,sparse,,PENDING,golden_eval
GOLDEN-01-BROADCAST:00003675,GOLDEN-01-BROADCAST,9bfa4242b1512799c45d802f650cc76bf519b248c54254a7fecdd236f21bd39b,3675,147.000000000,3840,2160,broadcast elevated camera,sparse,,PENDING,golden_eval
GOLDEN-01-BROADCAST:00003700,GOLDEN-01-BROADCAST,9bfa4242b1512799c45d802f650cc76bf519b248c54254a7fecdd236f21bd39b,3700,148.000000000,3840,2160,broadcast elevated camera,sparse,,PENDING,golden_eval
GOLDEN-01-BROADCAST:00003725,GOLDEN-01-BROADCAST,9bfa4242b1512799c45d802f650cc76bf519b248c54254a7fecdd236f21bd39b,3725,149.000000000,3840,2160,broadcast elevated camera,sparse,,PENDING,golden_eval
GOLDEN-01-BROADCAST:00003750,GOLDEN-01-BROADCAST,9bfa4242b1512799c45d802f650cc76bf519b248c54254a7fecdd236f21bd39b,3750,150.000000000,3840,2160,broadcast elevated camera,sparse,,PENDING,golden_eval
GOLDEN-01-BROADCAST:00003775,GOLDEN-01-BROADCAST,9bfa4242b1512799c45d802f650cc76bf519b248c54254a7fecdd236f21bd39b,3775,151.000000000,3840,2160,broadcast elevated camera,sparse,,PENDING,golden_eval
GOLDEN-01-BROADCAST:00003800,GOLDEN-01-BROADCAST,9bfa4242b1512799c45d802f650cc76bf519b248c54254a7fecdd236f21bd39b,3800,152.000000000,3840,2160,broadcast elevated camera,sparse,,PENDING,golden_eval
GOLDEN-01-BROADCAST:00003825,GOLDEN-01-BROADCAST,9bfa4242b1512799c45d802f650cc76bf519b248c54254a7fecdd236f21bd39b,3825,153.000000000,3840,2160,broadcast elevated camera,sparse,,PENDING,golden_eval
GOLDEN-01-BROADCAST:00003850,GOLDEN-01-BROADCAST,9bfa4242b1512799c45d802f650cc76bf519b248c54254a7fecdd236f21bd39b,3850,154.000000000,3840,2160,broadcast elevated camera,sparse,,PENDING,golden_eval
GOLDEN-01-BROADCAST:00003875,GOLDEN-01-BROADCAST,9bfa4242b1512799c45d802f650cc76bf519b248c54254a7fecdd236f21bd39b,3875,155.000000000,3840,2160,broadcast elevated camera,sparse,,PENDING,golden_eval
GOLDEN-01-BROADCAST:00003900,GOLDEN-01-BROADCAST,9bfa4242b1512799c45d802f650cc76bf519b248c54254a7fecdd236f21bd39b,3900,156.000000000,3840,2160,broadcast elevated camera,sparse,,PENDING,golden_eval
GOLDEN-01-BROADCAST:00003925,GOLDEN-01-BROADCAST,9bfa4242b1512799c45d802f650cc76bf519b248c54254a7fecdd236f21bd39b,3925,157.000000000,3840,2160,broadcast elevated camera,sparse,,PENDING,golden_eval
GOLDEN-01-BROADCAST:00003950,GOLDEN-01-BROADCAST,9bfa4242b1512799c45d802f650cc76bf519b248c54254a7fecdd236f21bd39b,3950,158.000000000,3840,2160,broadcast elevated camera,sparse,,PENDING,golden_eval
GOLDEN-01-BROADCAST:00003975,GOLDEN-01-BROADCAST,9bfa4242b1512799c45d802f650cc76bf519b248c54254a7fecdd236f21bd39b,3975,159.000000000,3840,2160,broadcast elevated camera,sparse,,PENDING,golden_eval
GOLDEN-01-BROADCAST:00004000,GOLDEN-01-BROADCAST,9bfa4242b1512799c45d802f650cc76bf519b248c54254a7fecdd236f21bd39b,4000,160.000000000,3840,2160,broadcast elevated camera,sparse,,PENDING,golden_eval
GOLDEN-01-BROADCAST:00004025,GOLDEN-01-BROADCAST,9bfa4242b1512799c45d802f650cc76bf519b248c54254a7fecdd236f21bd39b,4025,161.000000000,3840,2160,broadcast elevated camera,sparse,,PENDING,golden_eval
GOLDEN-01-BROADCAST:00004050,GOLDEN-01-BROADCAST,9bfa4242b1512799c45d802f650cc76bf519b248c54254a7fecdd236f21bd39b,4050,162.000000000,3840,2160,broadcast elevated camera,sparse,,PENDING,golden_eval
GOLDEN-01-BROADCAST:00004075,GOLDEN-01-BROADCAST,9bfa4242b1512799c45d802f650cc76bf519b248c54254a7fecdd236f21bd39b,4075,163.000000000,3840,2160,broadcast elevated camera,sparse,,PENDING,golden_eval
GOLDEN-01-BROADCAST:00004100,GOLDEN-01-BROADCAST,9bfa4242b1512799c45d802f650cc76bf519b248c54254a7fecdd236f21bd39b,4100,164.000000000,3840,2160,broadcast elevated camera,sparse,,PENDING,golden_eval
GOLDEN-01-BROADCAST:00004125,GOLDEN-01-BROADCAST,9bfa4242b1512799c45d802f650cc76bf519b248c54254a7fecdd236f21bd39b,4125,165.000000000,3840,2160,broadcast elevated camera,sparse,,PENDING,golden_eval
GOLDEN-01-BROADCAST:00004150,GOLDEN-01-BROADCAST,9bfa4242b1512799c45d802f650cc76bf519b248c54254a7fecdd236f21bd39b,4150,166.000000000,3840,2160,broadcast elevated camera,sparse,,PENDING,golden_eval
GOLDEN-01-BROADCAST:00004175,GOLDEN-01-BROADCAST,9bfa4242b1512799c45d802f650cc76bf519b248c54254a7fecdd236f21bd39b,4175,167.000000000,3840,2160,broadcast elevated camera,sparse,,PENDING,golden_eval
GOLDEN-01-BROADCAST:00004200,GOLDEN-01-BROADCAST,9bfa4242b1512799c45d802f650cc76bf519b248c54254a7fecdd236f21bd39b,4200,168.000000000,3840,2160,broadcast elevated camera,sparse,,PENDING,golden_eval
GOLDEN-01-BROADCAST:00004225,GOLDEN-01-BROADCAST,9bfa4242b1512799c45d802f650cc76bf519b248c54254a7fecdd236f21bd39b,4225,169.000000000,3840,2160,broadcast elevated camera,sparse,,PENDING,golden_eval
GOLDEN-01-BROADCAST:00004250,GOLDEN-01-BROADCAST,9bfa4242b1512799c45d802f650cc76bf519b248c54254a7fecdd236f21bd39b,4250,170.000000000,3840,2160,broadcast elevated camera,sparse,,PENDING,golden_eval
GOLDEN-01-BROADCAST:00004275,GOLDEN-01-BROADCAST,9bfa4242b1512799c45d802f650cc76bf519b248c54254a7fecdd236f21bd39b,4275,171.000000000,3840,2160,broadcast elevated camera,sparse,,PENDING,golden_eval
GOLDEN-01-BROADCAST:00004300,GOLDEN-01-BROADCAST,9bfa4242b1512799c45d802f650cc76bf519b248c54254a7fecdd236f21bd39b,4300,172.000000000,3840,2160,broadcast elevated camera,sparse,,PENDING,golden_eval
GOLDEN-01-BROADCAST:00004325,GOLDEN-01-BROADCAST,9bfa4242b1512799c45d802f650cc76bf519b248c54254a7fecdd236f21bd39b,4325,173.000000000,3840,2160,broadcast elevated camera,sparse,,PENDING,golden_eval
GOLDEN-01-BROADCAST:00004350,GOLDEN-01-BROADCAST,9bfa4242b1512799c45d802f650cc76bf519b248c54254a7fecdd236f21bd39b,4350,174.000000000,3840,2160,broadcast elevated camera,sparse,,PENDING,golden_eval
GOLDEN-01-BROADCAST:00004375,GOLDEN-01-BROADCAST,9bfa4242b1512799c45d802f650cc76bf519b248c54254a7fecdd236f21bd39b,4375,175.000000000,3840,2160,broadcast elevated camera,sparse,,PENDING,golden_eval
GOLDEN-01-BROADCAST:00004400,GOLDEN-01-BROADCAST,9bfa4242b1512799c45d802f650cc76bf519b248c54254a7fecdd236f21bd39b,4400,176.000000000,3840,2160,broadcast elevated camera,sparse,,PENDING,golden_eval
GOLDEN-01-BROADCAST:00004425,GOLDEN-01-BROADCAST,9bfa4242b1512799c45d802f650cc76bf519b248c54254a7fecdd236f21bd39b,4425,177.000000000,3840,2160,broadcast elevated camera,sparse,,PENDING,golden_eval
GOLDEN-01-BROADCAST:00004450,GOLDEN-01-BROADCAST,9bfa4242b1512799c45d802f650cc76bf519b248c54254a7fecdd236f21bd39b,4450,178.000000000,3840,2160,broadcast elevated camera,sparse,,PENDING,golden_eval
GOLDEN-01-BROADCAST:00004475,GOLDEN-01-BROADCAST,9bfa4242b1512799c45d802f650cc76bf519b248c54254a7fecdd236f21bd39b,4475,179.000000000,3840,2160,broadcast elevated camera,sparse,,PENDING,golden_eval
GOLDEN-01-BROADCAST:00004500,GOLDEN-01-BROADCAST,9bfa4242b1512799c45d802f650cc76bf519b248c54254a7fecdd236f21bd39b,4500,180.000000000,3840,2160,broadcast elevated camera,sparse,,PENDING,golden_eval
GOLDEN-01-BROADCAST:00004525,GOLDEN-01-BROADCAST,9bfa4242b1512799c45d802f650cc76bf519b248c54254a7fecdd236f21bd39b,4525,181.000000000,3840,2160,broadcast elevated camera,sparse,,PENDING,golden_eval
GOLDEN-01-BROADCAST:00004550,GOLDEN-01-BROADCAST,9bfa4242b1512799c45d802f650cc76bf519b248c54254a7fecdd236f21bd39b,4550,182.000000000,3840,2160,broadcast elevated camera,sparse,,PENDING,golden_eval
GOLDEN-01-BROADCAST:00004575,GOLDEN-01-BROADCAST,9bfa4242b1512799c45d802f650cc76bf519b248c54254a7fecdd236f21bd39b,4575,183.000000000,3840,2160,broadcast elevated camera,sparse,,PENDING,golden_eval
GOLDEN-01-BROADCAST:00004600,GOLDEN-01-BROADCAST,9bfa4242b1512799c45d802f650cc76bf519b248c54254a7fecdd236f21bd39b,4600,184.000000000,3840,2160,broadcast elevated camera,sparse,,PENDING,golden_eval
GOLDEN-01-BROADCAST:00004625,GOLDEN-01-BROADCAST,9bfa4242b1512799c45d802f650cc76bf519b248c54254a7fecdd236f21bd39b,4625,185.000000000,3840,2160,broadcast elevated camera,sparse,,PENDING,golden_eval
GOLDEN-01-BROADCAST:00004650,GOLDEN-01-BROADCAST,9bfa4242b1512799c45d802f650cc76bf519b248c54254a7fecdd236f21bd39b,4650,186.000000000,3840,2160,broadcast elevated camera,sparse,,PENDING,golden_eval
GOLDEN-01-BROADCAST:00004675,GOLDEN-01-BROADCAST,9bfa4242b1512799c45d802f650cc76bf519b248c54254a7fecdd236f21bd39b,4675,187.000000000,3840,2160,broadcast elevated camera,sparse,,PENDING,golden_eval
GOLDEN-01-BROADCAST:00004700,GOLDEN-01-BROADCAST,9bfa4242b1512799c45d802f650cc76bf519b248c54254a7fecdd236f21bd39b,4700,188.000000000,3840,2160,broadcast elevated camera,sparse,,PENDING,golden_eval
GOLDEN-01-BROADCAST:00004725,GOLDEN-01-BROADCAST,9bfa4242b1512799c45d802f650cc76bf519b248c54254a7fecdd236f21bd39b,4725,189.000000000,3840,2160,broadcast elevated camera,sparse,,PENDING,golden_eval
GOLDEN-01-BROADCAST:00004750,GOLDEN-01-BROADCAST,9bfa4242b1512799c45d802f650cc76bf519b248c54254a7fecdd236f21bd39b,4750,190.000000000,3840,2160,broadcast elevated camera,sparse,,PENDING,golden_eval
GOLDEN-01-BROADCAST:00004775,GOLDEN-01-BROADCAST,9bfa4242b1512799c45d802f650cc76bf519b248c54254a7fecdd236f21bd39b,4775,191.000000000,3840,2160,broadcast elevated camera,sparse,,PENDING,golden_eval
GOLDEN-01-BROADCAST:00004800,GOLDEN-01-BROADCAST,9bfa4242b1512799c45d802f650cc76bf519b248c54254a7fecdd236f21bd39b,4800,192.000000000,3840,2160,broadcast elevated camera,sparse,,PENDING,golden_eval
GOLDEN-01-BROADCAST:00004825,GOLDEN-01-BROADCAST,9bfa4242b1512799c45d802f650cc76bf519b248c54254a7fecdd236f21bd39b,4825,193.000000000,3840,2160,broadcast elevated camera,sparse,,PENDING,golden_eval
GOLDEN-01-BROADCAST:00004850,GOLDEN-01-BROADCAST,9bfa4242b1512799c45d802f650cc76bf519b248c54254a7fecdd236f21bd39b,4850,194.000000000,3840,2160,broadcast elevated camera,sparse,,PENDING,golden_eval
GOLDEN-01-BROADCAST:00004875,GOLDEN-01-BROADCAST,9bfa4242b1512799c45d802f650cc76bf519b248c54254a7fecdd236f21bd39b,4875,195.000000000,3840,2160,broadcast elevated camera,sparse,,PENDING,golden_eval
GOLDEN-01-BROADCAST:00004900,GOLDEN-01-BROADCAST,9bfa4242b1512799c45d802f650cc76bf519b248c54254a7fecdd236f21bd39b,4900,196.000000000,3840,2160,broadcast elevated camera,sparse,,PENDING,golden_eval
GOLDEN-01-BROADCAST:00004925,GOLDEN-01-BROADCAST,9bfa4242b1512799c45d802f650cc76bf519b248c54254a7fecdd236f21bd39b,4925,197.000000000,3840,2160,broadcast elevated camera,sparse,,PENDING,golden_eval
GOLDEN-01-BROADCAST:00004950,GOLDEN-01-BROADCAST,9bfa4242b1512799c45d802f650cc76bf519b248c54254a7fecdd236f21bd39b,4950,198.000000000,3840,2160,broadcast elevated camera,sparse,,PENDING,golden_eval
GOLDEN-01-BROADCAST:00004975,GOLDEN-01-BROADCAST,9bfa4242b1512799c45d802f650cc76bf519b248c54254a7fecdd236f21bd39b,4975,199.000000000,3840,2160,broadcast elevated camera,sparse,,PENDING,golden_eval
GOLDEN-01-BROADCAST:00005000,GOLDEN-01-BROADCAST,9bfa4242b1512799c45d802f650cc76bf519b248c54254a7fecdd236f21bd39b,5000,200.000000000,3840,2160,broadcast elevated camera,sparse,,PENDING,golden_eval
GOLDEN-01-BROADCAST:00005025,GOLDEN-01-BROADCAST,9bfa4242b1512799c45d802f650cc76bf519b248c54254a7fecdd236f21bd39b,5025,201.000000000,3840,2160,broadcast elevated camera,sparse,,PENDING,golden_eval
GOLDEN-01-BROADCAST:00005050,GOLDEN-01-BROADCAST,9bfa4242b1512799c45d802f650cc76bf519b248c54254a7fecdd236f21bd39b,5050,202.000000000,3840,2160,broadcast elevated camera,sparse,,PENDING,golden_eval
GOLDEN-01-BROADCAST:00005075,GOLDEN-01-BROADCAST,9bfa4242b1512799c45d802f650cc76bf519b248c54254a7fecdd236f21bd39b,5075,203.000000000,3840,2160,broadcast elevated camera,sparse,,PENDING,golden_eval
GOLDEN-01-BROADCAST:00005100,GOLDEN-01-BROADCAST,9bfa4242b1512799c45d802f650cc76bf519b248c54254a7fecdd236f21bd39b,5100,204.000000000,3840,2160,broadcast elevated camera,sparse,,PENDING,golden_eval
GOLDEN-01-BROADCAST:00005125,GOLDEN-01-BROADCAST,9bfa4242b1512799c45d802f650cc76bf519b248c54254a7fecdd236f21bd39b,5125,205.000000000,3840,2160,broadcast elevated camera,sparse,,PENDING,golden_eval
GOLDEN-01-BROADCAST:00005150,GOLDEN-01-BROADCAST,9bfa4242b1512799c45d802f650cc76bf519b248c54254a7fecdd236f21bd39b,5150,206.000000000,3840,2160,broadcast elevated camera,sparse,,PENDING,golden_eval
GOLDEN-01-BROADCAST:00005175,GOLDEN-01-BROADCAST,9bfa4242b1512799c45d802f650cc76bf519b248c54254a7fecdd236f21bd39b,5175,207.000000000,3840,2160,broadcast elevated camera,sparse,,PENDING,golden_eval
GOLDEN-01-BROADCAST:00005200,GOLDEN-01-BROADCAST,9bfa4242b1512799c45d802f650cc76bf519b248c54254a7fecdd236f21bd39b,5200,208.000000000,3840,2160,broadcast elevated camera,sparse,,PENDING,golden_eval
GOLDEN-01-BROADCAST:00005225,GOLDEN-01-BROADCAST,9bfa4242b1512799c45d802f650cc76bf519b248c54254a7fecdd236f21bd39b,5225,209.000000000,3840,2160,broadcast elevated camera,sparse,,PENDING,golden_eval
GOLDEN-01-BROADCAST:00005250,GOLDEN-01-BROADCAST,9bfa4242b1512799c45d802f650cc76bf519b248c54254a7fecdd236f21bd39b,5250,210.000000000,3840,2160,broadcast elevated camera,sparse,,PENDING,golden_eval
GOLDEN-01-BROADCAST:00005275,GOLDEN-01-BROADCAST,9bfa4242b1512799c45d802f650cc76bf519b248c54254a7fecdd236f21bd39b,5275,211.000000000,3840,2160,broadcast elevated camera,sparse,,PENDING,golden_eval
GOLDEN-01-BROADCAST:00005300,GOLDEN-01-BROADCAST,9bfa4242b1512799c45d802f650cc76bf519b248c54254a7fecdd236f21bd39b,5300,212.000000000,3840,2160,broadcast elevated camera,sparse,,PENDING,golden_eval
GOLDEN-01-BROADCAST:00005325,GOLDEN-01-BROADCAST,9bfa4242b1512799c45d802f650cc76bf519b248c54254a7fecdd236f21bd39b,5325,213.000000000,3840,2160,broadcast elevated camera,sparse,,PENDING,golden_eval
GOLDEN-01-BROADCAST:00005350,GOLDEN-01-BROADCAST,9bfa4242b1512799c45d802f650cc76bf519b248c54254a7fecdd236f21bd39b,5350,214.000000000,3840,2160,broadcast elevated camera,sparse,,PENDING,golden_eval
GOLDEN-01-BROADCAST:00005375,GOLDEN-01-BROADCAST,9bfa4242b1512799c45d802f650cc76bf519b248c54254a7fecdd236f21bd39b,5375,215.000000000,3840,2160,broadcast elevated camera,sparse,,PENDING,golden_eval
GOLDEN-01-BROADCAST:00005400,GOLDEN-01-BROADCAST,9bfa4242b1512799c45d802f650cc76bf519b248c54254a7fecdd236f21bd39b,5400,216.000000000,3840,2160,broadcast elevated camera,sparse,,PENDING,golden_eval
GOLDEN-01-BROADCAST:00005425,GOLDEN-01-BROADCAST,9bfa4242b1512799c45d802f650cc76bf519b248c54254a7fecdd236f21bd39b,5425,217.000000000,3840,2160,broadcast elevated camera,sparse,,PENDING,golden_eval
GOLDEN-01-BROADCAST:00005450,GOLDEN-01-BROADCAST,9bfa4242b1512799c45d802f650cc76bf519b248c54254a7fecdd236f21bd39b,5450,218.000000000,3840,2160,broadcast elevated camera,sparse,,PENDING,golden_eval
GOLDEN-01-BROADCAST:00005475,GOLDEN-01-BROADCAST,9bfa4242b1512799c45d802f650cc76bf519b248c54254a7fecdd236f21bd39b,5475,219.000000000,3840,2160,broadcast elevated camera,sparse,,PENDING,golden_eval
GOLDEN-01-BROADCAST:00005500,GOLDEN-01-BROADCAST,9bfa4242b1512799c45d802f650cc76bf519b248c54254a7fecdd236f21bd39b,5500,220.000000000,3840,2160,broadcast elevated camera,sparse,,PENDING,golden_eval
GOLDEN-01-BROADCAST:00005525,GOLDEN-01-BROADCAST,9bfa4242b1512799c45d802f650cc76bf519b248c54254a7fecdd236f21bd39b,5525,221.000000000,3840,2160,broadcast elevated camera,sparse,,PENDING,golden_eval
GOLDEN-01-BROADCAST:00005550,GOLDEN-01-BROADCAST,9bfa4242b1512799c45d802f650cc76bf519b248c54254a7fecdd236f21bd39b,5550,222.000000000,3840,2160,broadcast elevated camera,sparse,,PENDING,golden_eval
GOLDEN-01-BROADCAST:00005575,GOLDEN-01-BROADCAST,9bfa4242b1512799c45d802f650cc76bf519b248c54254a7fecdd236f21bd39b,5575,223.000000000,3840,2160,broadcast elevated camera,sparse,,PENDING,golden_eval
GOLDEN-01-BROADCAST:00005600,GOLDEN-01-BROADCAST,9bfa4242b1512799c45d802f650cc76bf519b248c54254a7fecdd236f21bd39b,5600,224.000000000,3840,2160,broadcast elevated camera,sparse,,PENDING,golden_eval
GOLDEN-01-BROADCAST:00005625,GOLDEN-01-BROADCAST,9bfa4242b1512799c45d802f650cc76bf519b248c54254a7fecdd236f21bd39b,5625,225.000000000,3840,2160,broadcast elevated camera,sparse,,PENDING,golden_eval
GOLDEN-01-BROADCAST:00005650,GOLDEN-01-BROADCAST,9bfa4242b1512799c45d802f650cc76bf519b248c54254a7fecdd236f21bd39b,5650,226.000000000,3840,2160,broadcast elevated camera,sparse,,PENDING,golden_eval
GOLDEN-01-BROADCAST:00005675,GOLDEN-01-BROADCAST,9bfa4242b1512799c45d802f650cc76bf519b248c54254a7fecdd236f21bd39b,5675,227.000000000,3840,2160,broadcast elevated camera,sparse,,PENDING,golden_eval
GOLDEN-01-BROADCAST:00005700,GOLDEN-01-BROADCAST,9bfa4242b1512799c45d802f650cc76bf519b248c54254a7fecdd236f21bd39b,5700,228.000000000,3840,2160,broadcast elevated camera,sparse,,PENDING,golden_eval
GOLDEN-01-BROADCAST:00005725,GOLDEN-01-BROADCAST,9bfa4242b1512799c45d802f650cc76bf519b248c54254a7fecdd236f21bd39b,5725,229.000000000,3840,2160,broadcast elevated camera,sparse,,PENDING,golden_eval
GOLDEN-01-BROADCAST:00005750,GOLDEN-01-BROADCAST,9bfa4242b1512799c45d802f650cc76bf519b248c54254a7fecdd236f21bd39b,5750,230.000000000,3840,2160,broadcast elevated camera,sparse,,PENDING,golden_eval
GOLDEN-01-BROADCAST:00005775,GOLDEN-01-BROADCAST,9bfa4242b1512799c45d802f650cc76bf519b248c54254a7fecdd236f21bd39b,5775,231.000000000,3840,2160,broadcast elevated camera,sparse,,PENDING,golden_eval
GOLDEN-01-BROADCAST:00005800,GOLDEN-01-BROADCAST,9bfa4242b1512799c45d802f650cc76bf519b248c54254a7fecdd236f21bd39b,5800,232.000000000,3840,2160,broadcast elevated camera,sparse,,PENDING,golden_eval
GOLDEN-01-BROADCAST:00005825,GOLDEN-01-BROADCAST,9bfa4242b1512799c45d802f650cc76bf519b248c54254a7fecdd236f21bd39b,5825,233.000000000,3840,2160,broadcast elevated camera,sparse,,PENDING,golden_eval
GOLDEN-01-BROADCAST:00005850,GOLDEN-01-BROADCAST,9bfa4242b1512799c45d802f650cc76bf519b248c54254a7fecdd236f21bd39b,5850,234.000000000,3840,2160,broadcast elevated camera,sparse,,PENDING,golden_eval
GOLDEN-01-BROADCAST:00005875,GOLDEN-01-BROADCAST,9bfa4242b1512799c45d802f650cc76bf519b248c54254a7fecdd236f21bd39b,5875,235.000000000,3840,2160,broadcast elevated camera,sparse,,PENDING,golden_eval
GOLDEN-01-BROADCAST:00005900,GOLDEN-01-BROADCAST,9bfa4242b1512799c45d802f650cc76bf519b248c54254a7fecdd236f21bd39b,5900,236.000000000,3840,2160,broadcast elevated camera,sparse,,PENDING,golden_eval
GOLDEN-01-BROADCAST:00005925,GOLDEN-01-BROADCAST,9bfa4242b1512799c45d802f650cc76bf519b248c54254a7fecdd236f21bd39b,5925,237.000000000,3840,2160,broadcast elevated camera,sparse,,PENDING,golden_eval
GOLDEN-01-BROADCAST:00005950,GOLDEN-01-BROADCAST,9bfa4242b1512799c45d802f650cc76bf519b248c54254a7fecdd236f21bd39b,5950,238.000000000,3840,2160,broadcast elevated camera,sparse,,PENDING,golden_eval
GOLDEN-01-BROADCAST:00005975,GOLDEN-01-BROADCAST,9bfa4242b1512799c45d802f650cc76bf519b248c54254a7fecdd236f21bd39b,5975,239.000000000,3840,2160,broadcast elevated camera,sparse,,PENDING,golden_eval
GOLDEN-02-TACTICAL-WIDE:00000000,GOLDEN-02-TACTICAL-WIDE,1cec8e8b8ac0ceff71352821cba1dbf4d83da4a834f82209fba323285ae1731e,0,0.000000000,4096,1080,fixed panoramic tactical camera,sparse,,PENDING,golden_eval
GOLDEN-02-TACTICAL-WIDE:00000025,GOLDEN-02-TACTICAL-WIDE,1cec8e8b8ac0ceff71352821cba1dbf4d83da4a834f82209fba323285ae1731e,25,1.000000000,4096,1080,fixed panoramic tactical camera,sparse,,PENDING,golden_eval
GOLDEN-02-TACTICAL-WIDE:00000050,GOLDEN-02-TACTICAL-WIDE,1cec8e8b8ac0ceff71352821cba1dbf4d83da4a834f82209fba323285ae1731e,50,2.000000000,4096,1080,fixed panoramic tactical camera,sparse,,PENDING,golden_eval
GOLDEN-02-TACTICAL-WIDE:00000075,GOLDEN-02-TACTICAL-WIDE,1cec8e8b8ac0ceff71352821cba1dbf4d83da4a834f82209fba323285ae1731e,75,3.000000000,4096,1080,fixed panoramic tactical camera,sparse,,PENDING,golden_eval
GOLDEN-02-TACTICAL-WIDE:00000100,GOLDEN-02-TACTICAL-WIDE,1cec8e8b8ac0ceff71352821cba1dbf4d83da4a834f82209fba323285ae1731e,100,4.000000000,4096,1080,fixed panoramic tactical camera,sparse,,PENDING,golden_eval
GOLDEN-02-TACTICAL-WIDE:00000125,GOLDEN-02-TACTICAL-WIDE,1cec8e8b8ac0ceff71352821cba1dbf4d83da4a834f82209fba323285ae1731e,125,5.000000000,4096,1080,fixed panoramic tactical camera,sparse,,PENDING,golden_eval
GOLDEN-02-TACTICAL-WIDE:00000150,GOLDEN-02-TACTICAL-WIDE,1cec8e8b8ac0ceff71352821cba1dbf4d83da4a834f82209fba323285ae1731e,150,6.000000000,4096,1080,fixed panoramic tactical camera,sparse,,PENDING,golden_eval
GOLDEN-02-TACTICAL-WIDE:00000175,GOLDEN-02-TACTICAL-WIDE,1cec8e8b8ac0ceff71352821cba1dbf4d83da4a834f82209fba323285ae1731e,175,7.000000000,4096,1080,fixed panoramic tactical camera,sparse,,PENDING,golden_eval
GOLDEN-02-TACTICAL-WIDE:00000200,GOLDEN-02-TACTICAL-WIDE,1cec8e8b8ac0ceff71352821cba1dbf4d83da4a834f82209fba323285ae1731e,200,8.000000000,4096,1080,fixed panoramic tactical camera,sparse,,PENDING,golden_eval
GOLDEN-02-TACTICAL-WIDE:00000225,GOLDEN-02-TACTICAL-WIDE,1cec8e8b8ac0ceff71352821cba1dbf4d83da4a834f82209fba323285ae1731e,225,9.000000000,4096,1080,fixed panoramic tactical camera,sparse,,PENDING,golden_eval
GOLDEN-02-TACTICAL-WIDE:00000250,GOLDEN-02-TACTICAL-WIDE,1cec8e8b8ac0ceff71352821cba1dbf4d83da4a834f82209fba323285ae1731e,250,10.000000000,4096,1080,fixed panoramic tactical camera,sparse,,PENDING,golden_eval
GOLDEN-02-TACTICAL-WIDE:00000275,GOLDEN-02-TACTICAL-WIDE,1cec8e8b8ac0ceff71352821cba1dbf4d83da4a834f82209fba323285ae1731e,275,11.000000000,4096,1080,fixed panoramic tactical camera,sparse,,PENDING,golden_eval
GOLDEN-02-TACTICAL-WIDE:00000300,GOLDEN-02-TACTICAL-WIDE,1cec8e8b8ac0ceff71352821cba1dbf4d83da4a834f82209fba323285ae1731e,300,12.000000000,4096,1080,fixed panoramic tactical camera,sparse,,PENDING,golden_eval
GOLDEN-02-TACTICAL-WIDE:00000325,GOLDEN-02-TACTICAL-WIDE,1cec8e8b8ac0ceff71352821cba1dbf4d83da4a834f82209fba323285ae1731e,325,13.000000000,4096,1080,fixed panoramic tactical camera,sparse,,PENDING,golden_eval
GOLDEN-02-TACTICAL-WIDE:00000350,GOLDEN-02-TACTICAL-WIDE,1cec8e8b8ac0ceff71352821cba1dbf4d83da4a834f82209fba323285ae1731e,350,14.000000000,4096,1080,fixed panoramic tactical camera,sparse,,PENDING,golden_eval
GOLDEN-02-TACTICAL-WIDE:00000375,GOLDEN-02-TACTICAL-WIDE,1cec8e8b8ac0ceff71352821cba1dbf4d83da4a834f82209fba323285ae1731e,375,15.000000000,4096,1080,fixed panoramic tactical camera,sparse,,PENDING,golden_eval
GOLDEN-02-TACTICAL-WIDE:00000400,GOLDEN-02-TACTICAL-WIDE,1cec8e8b8ac0ceff71352821cba1dbf4d83da4a834f82209fba323285ae1731e,400,16.000000000,4096,1080,fixed panoramic tactical camera,sparse,,PENDING,golden_eval
GOLDEN-02-TACTICAL-WIDE:00000425,GOLDEN-02-TACTICAL-WIDE,1cec8e8b8ac0ceff71352821cba1dbf4d83da4a834f82209fba323285ae1731e,425,17.000000000,4096,1080,fixed panoramic tactical camera,sparse,,PENDING,golden_eval
GOLDEN-02-TACTICAL-WIDE:00000450,GOLDEN-02-TACTICAL-WIDE,1cec8e8b8ac0ceff71352821cba1dbf4d83da4a834f82209fba323285ae1731e,450,18.000000000,4096,1080,fixed panoramic tactical camera,sparse,,PENDING,golden_eval
GOLDEN-02-TACTICAL-WIDE:00000475,GOLDEN-02-TACTICAL-WIDE,1cec8e8b8ac0ceff71352821cba1dbf4d83da4a834f82209fba323285ae1731e,475,19.000000000,4096,1080,fixed panoramic tactical camera,sparse,,PENDING,golden_eval
GOLDEN-02-TACTICAL-WIDE:00000500,GOLDEN-02-TACTICAL-WIDE,1cec8e8b8ac0ceff71352821cba1dbf4d83da4a834f82209fba323285ae1731e,500,20.000000000,4096,1080,fixed panoramic tactical camera,sparse,,PENDING,golden_eval
GOLDEN-02-TACTICAL-WIDE:00000525,GOLDEN-02-TACTICAL-WIDE,1cec8e8b8ac0ceff71352821cba1dbf4d83da4a834f82209fba323285ae1731e,525,21.000000000,4096,1080,fixed panoramic tactical camera,sparse,,PENDING,golden_eval
GOLDEN-02-TACTICAL-WIDE:00000550,GOLDEN-02-TACTICAL-WIDE,1cec8e8b8ac0ceff71352821cba1dbf4d83da4a834f82209fba323285ae1731e,550,22.000000000,4096,1080,fixed panoramic tactical camera,sparse,,PENDING,golden_eval
GOLDEN-02-TACTICAL-WIDE:00000575,GOLDEN-02-TACTICAL-WIDE,1cec8e8b8ac0ceff71352821cba1dbf4d83da4a834f82209fba323285ae1731e,575,23.000000000,4096,1080,fixed panoramic tactical camera,sparse,,PENDING,golden_eval
GOLDEN-02-TACTICAL-WIDE:00000600,GOLDEN-02-TACTICAL-WIDE,1cec8e8b8ac0ceff71352821cba1dbf4d83da4a834f82209fba323285ae1731e,600,24.000000000,4096,1080,fixed panoramic tactical camera,sparse,,PENDING,golden_eval
GOLDEN-02-TACTICAL-WIDE:00000625,GOLDEN-02-TACTICAL-WIDE,1cec8e8b8ac0ceff71352821cba1dbf4d83da4a834f82209fba323285ae1731e,625,25.000000000,4096,1080,fixed panoramic tactical camera,sparse,,PENDING,golden_eval
GOLDEN-02-TACTICAL-WIDE:00000650,GOLDEN-02-TACTICAL-WIDE,1cec8e8b8ac0ceff71352821cba1dbf4d83da4a834f82209fba323285ae1731e,650,26.000000000,4096,1080,fixed panoramic tactical camera,sparse,,PENDING,golden_eval
GOLDEN-02-TACTICAL-WIDE:00000675,GOLDEN-02-TACTICAL-WIDE,1cec8e8b8ac0ceff71352821cba1dbf4d83da4a834f82209fba323285ae1731e,675,27.000000000,4096,1080,fixed panoramic tactical camera,sparse,,PENDING,golden_eval
GOLDEN-02-TACTICAL-WIDE:00000700,GOLDEN-02-TACTICAL-WIDE,1cec8e8b8ac0ceff71352821cba1dbf4d83da4a834f82209fba323285ae1731e,700,28.000000000,4096,1080,fixed panoramic tactical camera,sparse,,PENDING,golden_eval
GOLDEN-02-TACTICAL-WIDE:00000725,GOLDEN-02-TACTICAL-WIDE,1cec8e8b8ac0ceff71352821cba1dbf4d83da4a834f82209fba323285ae1731e,725,29.000000000,4096,1080,fixed panoramic tactical camera,sparse,,PENDING,golden_eval
GOLDEN-02-TACTICAL-WIDE:00000750,GOLDEN-02-TACTICAL-WIDE,1cec8e8b8ac0ceff71352821cba1dbf4d83da4a834f82209fba323285ae1731e,750,30.000000000,4096,1080,fixed panoramic tactical camera,sparse,,PENDING,golden_eval
GOLDEN-02-TACTICAL-WIDE:00000775,GOLDEN-02-TACTICAL-WIDE,1cec8e8b8ac0ceff71352821cba1dbf4d83da4a834f82209fba323285ae1731e,775,31.000000000,4096,1080,fixed panoramic tactical camera,sparse,,PENDING,golden_eval
GOLDEN-02-TACTICAL-WIDE:00000800,GOLDEN-02-TACTICAL-WIDE,1cec8e8b8ac0ceff71352821cba1dbf4d83da4a834f82209fba323285ae1731e,800,32.000000000,4096,1080,fixed panoramic tactical camera,sparse,,PENDING,golden_eval
GOLDEN-02-TACTICAL-WIDE:00000825,GOLDEN-02-TACTICAL-WIDE,1cec8e8b8ac0ceff71352821cba1dbf4d83da4a834f82209fba323285ae1731e,825,33.000000000,4096,1080,fixed panoramic tactical camera,sparse,,PENDING,golden_eval
GOLDEN-02-TACTICAL-WIDE:00000850,GOLDEN-02-TACTICAL-WIDE,1cec8e8b8ac0ceff71352821cba1dbf4d83da4a834f82209fba323285ae1731e,850,34.000000000,4096,1080,fixed panoramic tactical camera,sparse,,PENDING,golden_eval
GOLDEN-02-TACTICAL-WIDE:00000875,GOLDEN-02-TACTICAL-WIDE,1cec8e8b8ac0ceff71352821cba1dbf4d83da4a834f82209fba323285ae1731e,875,35.000000000,4096,1080,fixed panoramic tactical camera,sparse,,PENDING,golden_eval
GOLDEN-02-TACTICAL-WIDE:00000900,GOLDEN-02-TACTICAL-WIDE,1cec8e8b8ac0ceff71352821cba1dbf4d83da4a834f82209fba323285ae1731e,900,36.000000000,4096,1080,fixed panoramic tactical camera,sparse,,PENDING,golden_eval
GOLDEN-02-TACTICAL-WIDE:00000925,GOLDEN-02-TACTICAL-WIDE,1cec8e8b8ac0ceff71352821cba1dbf4d83da4a834f82209fba323285ae1731e,925,37.000000000,4096,1080,fixed panoramic tactical camera,sparse,,PENDING,golden_eval
GOLDEN-02-TACTICAL-WIDE:00000950,GOLDEN-02-TACTICAL-WIDE,1cec8e8b8ac0ceff71352821cba1dbf4d83da4a834f82209fba323285ae1731e,950,38.000000000,4096,1080,fixed panoramic tactical camera,sparse,,PENDING,golden_eval
GOLDEN-02-TACTICAL-WIDE:00000975,GOLDEN-02-TACTICAL-WIDE,1cec8e8b8ac0ceff71352821cba1dbf4d83da4a834f82209fba323285ae1731e,975,39.000000000,4096,1080,fixed panoramic tactical camera,sparse,,PENDING,golden_eval
GOLDEN-02-TACTICAL-WIDE:00001000,GOLDEN-02-TACTICAL-WIDE,1cec8e8b8ac0ceff71352821cba1dbf4d83da4a834f82209fba323285ae1731e,1000,40.000000000,4096,1080,fixed panoramic tactical camera,sparse,,PENDING,golden_eval
GOLDEN-02-TACTICAL-WIDE:00001025,GOLDEN-02-TACTICAL-WIDE,1cec8e8b8ac0ceff71352821cba1dbf4d83da4a834f82209fba323285ae1731e,1025,41.000000000,4096,1080,fixed panoramic tactical camera,sparse,,PENDING,golden_eval
GOLDEN-02-TACTICAL-WIDE:00001050,GOLDEN-02-TACTICAL-WIDE,1cec8e8b8ac0ceff71352821cba1dbf4d83da4a834f82209fba323285ae1731e,1050,42.000000000,4096,1080,fixed panoramic tactical camera,sparse,,PENDING,golden_eval
GOLDEN-02-TACTICAL-WIDE:00001075,GOLDEN-02-TACTICAL-WIDE,1cec8e8b8ac0ceff71352821cba1dbf4d83da4a834f82209fba323285ae1731e,1075,43.000000000,4096,1080,fixed panoramic tactical camera,sparse,,PENDING,golden_eval
GOLDEN-02-TACTICAL-WIDE:00001100,GOLDEN-02-TACTICAL-WIDE,1cec8e8b8ac0ceff71352821cba1dbf4d83da4a834f82209fba323285ae1731e,1100,44.000000000,4096,1080,fixed panoramic tactical camera,sparse,,PENDING,golden_eval
GOLDEN-02-TACTICAL-WIDE:00001125,GOLDEN-02-TACTICAL-WIDE,1cec8e8b8ac0ceff71352821cba1dbf4d83da4a834f82209fba323285ae1731e,1125,45.000000000,4096,1080,fixed panoramic tactical camera,sparse,,PENDING,golden_eval
GOLDEN-02-TACTICAL-WIDE:00001150,GOLDEN-02-TACTICAL-WIDE,1cec8e8b8ac0ceff71352821cba1dbf4d83da4a834f82209fba323285ae1731e,1150,46.000000000,4096,1080,fixed panoramic tactical camera,sparse,,PENDING,golden_eval
GOLDEN-02-TACTICAL-WIDE:00001175,GOLDEN-02-TACTICAL-WIDE,1cec8e8b8ac0ceff71352821cba1dbf4d83da4a834f82209fba323285ae1731e,1175,47.000000000,4096,1080,fixed panoramic tactical camera,sparse,,PENDING,golden_eval
GOLDEN-02-TACTICAL-WIDE:00001200,GOLDEN-02-TACTICAL-WIDE,1cec8e8b8ac0ceff71352821cba1dbf4d83da4a834f82209fba323285ae1731e,1200,48.000000000,4096,1080,fixed panoramic tactical camera,sparse,,PENDING,golden_eval
GOLDEN-02-TACTICAL-WIDE:00001225,GOLDEN-02-TACTICAL-WIDE,1cec8e8b8ac0ceff71352821cba1dbf4d83da4a834f82209fba323285ae1731e,1225,49.000000000,4096,1080,fixed panoramic tactical camera,sparse,,PENDING,golden_eval
GOLDEN-02-TACTICAL-WIDE:00001250,GOLDEN-02-TACTICAL-WIDE,1cec8e8b8ac0ceff71352821cba1dbf4d83da4a834f82209fba323285ae1731e,1250,50.000000000,4096,1080,fixed panoramic tactical camera,sparse,,PENDING,golden_eval
GOLDEN-02-TACTICAL-WIDE:00001275,GOLDEN-02-TACTICAL-WIDE,1cec8e8b8ac0ceff71352821cba1dbf4d83da4a834f82209fba323285ae1731e,1275,51.000000000,4096,1080,fixed panoramic tactical camera,sparse,,PENDING,golden_eval
GOLDEN-02-TACTICAL-WIDE:00001300,GOLDEN-02-TACTICAL-WIDE,1cec8e8b8ac0ceff71352821cba1dbf4d83da4a834f82209fba323285ae1731e,1300,52.000000000,4096,1080,fixed panoramic tactical camera,sparse,,PENDING,golden_eval
GOLDEN-02-TACTICAL-WIDE:00001325,GOLDEN-02-TACTICAL-WIDE,1cec8e8b8ac0ceff71352821cba1dbf4d83da4a834f82209fba323285ae1731e,1325,53.000000000,4096,1080,fixed panoramic tactical camera,sparse,,PENDING,golden_eval
GOLDEN-02-TACTICAL-WIDE:00001350,GOLDEN-02-TACTICAL-WIDE,1cec8e8b8ac0ceff71352821cba1dbf4d83da4a834f82209fba323285ae1731e,1350,54.000000000,4096,1080,fixed panoramic tactical camera,sparse,,PENDING,golden_eval
GOLDEN-02-TACTICAL-WIDE:00001375,GOLDEN-02-TACTICAL-WIDE,1cec8e8b8ac0ceff71352821cba1dbf4d83da4a834f82209fba323285ae1731e,1375,55.000000000,4096,1080,fixed panoramic tactical camera,sparse,,PENDING,golden_eval
GOLDEN-02-TACTICAL-WIDE:00001400,GOLDEN-02-TACTICAL-WIDE,1cec8e8b8ac0ceff71352821cba1dbf4d83da4a834f82209fba323285ae1731e,1400,56.000000000,4096,1080,fixed panoramic tactical camera,sparse,,PENDING,golden_eval
GOLDEN-02-TACTICAL-WIDE:00001425,GOLDEN-02-TACTICAL-WIDE,1cec8e8b8ac0ceff71352821cba1dbf4d83da4a834f82209fba323285ae1731e,1425,57.000000000,4096,1080,fixed panoramic tactical camera,sparse,,PENDING,golden_eval
GOLDEN-02-TACTICAL-WIDE:00001450,GOLDEN-02-TACTICAL-WIDE,1cec8e8b8ac0ceff71352821cba1dbf4d83da4a834f82209fba323285ae1731e,1450,58.000000000,4096,1080,fixed panoramic tactical camera,sparse,,PENDING,golden_eval
GOLDEN-02-TACTICAL-WIDE:00001475,GOLDEN-02-TACTICAL-WIDE,1cec8e8b8ac0ceff71352821cba1dbf4d83da4a834f82209fba323285ae1731e,1475,59.000000000,4096,1080,fixed panoramic tactical camera,sparse,,PENDING,golden_eval
GOLDEN-02-TACTICAL-WIDE:00001500,GOLDEN-02-TACTICAL-WIDE,1cec8e8b8ac0ceff71352821cba1dbf4d83da4a834f82209fba323285ae1731e,1500,60.000000000,4096,1080,fixed panoramic tactical camera,sparse+tracking,TRACK-G02-01,PENDING,golden_eval
GOLDEN-02-TACTICAL-WIDE:00001501,GOLDEN-02-TACTICAL-WIDE,1cec8e8b8ac0ceff71352821cba1dbf4d83da4a834f82209fba323285ae1731e,1501,60.040000000,4096,1080,fixed panoramic tactical camera,tracking,TRACK-G02-01,PENDING,golden_eval
GOLDEN-02-TACTICAL-WIDE:00001502,GOLDEN-02-TACTICAL-WIDE,1cec8e8b8ac0ceff71352821cba1dbf4d83da4a834f82209fba323285ae1731e,1502,60.080000000,4096,1080,fixed panoramic tactical camera,tracking,TRACK-G02-01,PENDING,golden_eval
GOLDEN-02-TACTICAL-WIDE:00001503,GOLDEN-02-TACTICAL-WIDE,1cec8e8b8ac0ceff71352821cba1dbf4d83da4a834f82209fba323285ae1731e,1503,60.120000000,4096,1080,fixed panoramic tactical camera,tracking,TRACK-G02-01,PENDING,golden_eval
GOLDEN-02-TACTICAL-WIDE:00001504,GOLDEN-02-TACTICAL-WIDE,1cec8e8b8ac0ceff71352821cba1dbf4d83da4a834f82209fba323285ae1731e,1504,60.160000000,4096,1080,fixed panoramic tactical camera,tracking,TRACK-G02-01,PENDING,golden_eval
GOLDEN-02-TACTICAL-WIDE:00001505,GOLDEN-02-TACTICAL-WIDE,1cec8e8b8ac0ceff71352821cba1dbf4d83da4a834f82209fba323285ae1731e,1505,60.200000000,4096,1080,fixed panoramic tactical camera,tracking,TRACK-G02-01,PENDING,golden_eval
GOLDEN-02-TACTICAL-WIDE:00001506,GOLDEN-02-TACTICAL-WIDE,1cec8e8b8ac0ceff71352821cba1dbf4d83da4a834f82209fba323285ae1731e,1506,60.240000000,4096,1080,fixed panoramic tactical camera,tracking,TRACK-G02-01,PENDING,golden_eval
GOLDEN-02-TACTICAL-WIDE:00001507,GOLDEN-02-TACTICAL-WIDE,1cec8e8b8ac0ceff71352821cba1dbf4d83da4a834f82209fba323285ae1731e,1507,60.280000000,4096,1080,fixed panoramic tactical camera,tracking,TRACK-G02-01,PENDING,golden_eval
GOLDEN-02-TACTICAL-WIDE:00001508,GOLDEN-02-TACTICAL-WIDE,1cec8e8b8ac0ceff71352821cba1dbf4d83da4a834f82209fba323285ae1731e,1508,60.320000000,4096,1080,fixed panoramic tactical camera,tracking,TRACK-G02-01,PENDING,golden_eval
GOLDEN-02-TACTICAL-WIDE:00001509,GOLDEN-02-TACTICAL-WIDE,1cec8e8b8ac0ceff71352821cba1dbf4d83da4a834f82209fba323285ae1731e,1509,60.360000000,4096,1080,fixed panoramic tactical camera,tracking,TRACK-G02-01,PENDING,golden_eval
GOLDEN-02-TACTICAL-WIDE:00001510,GOLDEN-02-TACTICAL-WIDE,1cec8e8b8ac0ceff71352821cba1dbf4d83da4a834f82209fba323285ae1731e,1510,60.400000000,4096,1080,fixed panoramic tactical camera,tracking,TRACK-G02-01,PENDING,golden_eval
GOLDEN-02-TACTICAL-WIDE:00001511,GOLDEN-02-TACTICAL-WIDE,1cec8e8b8ac0ceff71352821cba1dbf4d83da4a834f82209fba323285ae1731e,1511,60.440000000,4096,1080,fixed panoramic tactical camera,tracking,TRACK-G02-01,PENDING,golden_eval
GOLDEN-02-TACTICAL-WIDE:00001512,GOLDEN-02-TACTICAL-WIDE,1cec8e8b8ac0ceff71352821cba1dbf4d83da4a834f82209fba323285ae1731e,1512,60.480000000,4096,1080,fixed panoramic tactical camera,tracking,TRACK-G02-01,PENDING,golden_eval
GOLDEN-02-TACTICAL-WIDE:00001513,GOLDEN-02-TACTICAL-WIDE,1cec8e8b8ac0ceff71352821cba1dbf4d83da4a834f82209fba323285ae1731e,1513,60.520000000,4096,1080,fixed panoramic tactical camera,tracking,TRACK-G02-01,PENDING,golden_eval
GOLDEN-02-TACTICAL-WIDE:00001514,GOLDEN-02-TACTICAL-WIDE,1cec8e8b8ac0ceff71352821cba1dbf4d83da4a834f82209fba323285ae1731e,1514,60.560000000,4096,1080,fixed panoramic tactical camera,tracking,TRACK-G02-01,PENDING,golden_eval
GOLDEN-02-TACTICAL-WIDE:00001515,GOLDEN-02-TACTICAL-WIDE,1cec8e8b8ac0ceff71352821cba1dbf4d83da4a834f82209fba323285ae1731e,1515,60.600000000,4096,1080,fixed panoramic tactical camera,tracking,TRACK-G02-01,PENDING,golden_eval
GOLDEN-02-TACTICAL-WIDE:00001516,GOLDEN-02-TACTICAL-WIDE,1cec8e8b8ac0ceff71352821cba1dbf4d83da4a834f82209fba323285ae1731e,1516,60.640000000,4096,1080,fixed panoramic tactical camera,tracking,TRACK-G02-01,PENDING,golden_eval
GOLDEN-02-TACTICAL-WIDE:00001517,GOLDEN-02-TACTICAL-WIDE,1cec8e8b8ac0ceff71352821cba1dbf4d83da4a834f82209fba323285ae1731e,1517,60.680000000,4096,1080,fixed panoramic tactical camera,tracking,TRACK-G02-01,PENDING,golden_eval
GOLDEN-02-TACTICAL-WIDE:00001518,GOLDEN-02-TACTICAL-WIDE,1cec8e8b8ac0ceff71352821cba1dbf4d83da4a834f82209fba323285ae1731e,1518,60.720000000,4096,1080,fixed panoramic tactical camera,tracking,TRACK-G02-01,PENDING,golden_eval
GOLDEN-02-TACTICAL-WIDE:00001519,GOLDEN-02-TACTICAL-WIDE,1cec8e8b8ac0ceff71352821cba1dbf4d83da4a834f82209fba323285ae1731e,1519,60.760000000,4096,1080,fixed panoramic tactical camera,tracking,TRACK-G02-01,PENDING,golden_eval
GOLDEN-02-TACTICAL-WIDE:00001520,GOLDEN-02-TACTICAL-WIDE,1cec8e8b8ac0ceff71352821cba1dbf4d83da4a834f82209fba323285ae1731e,1520,60.800000000,4096,1080,fixed panoramic tactical camera,tracking,TRACK-G02-01,PENDING,golden_eval
GOLDEN-02-TACTICAL-WIDE:00001521,GOLDEN-02-TACTICAL-WIDE,1cec8e8b8ac0ceff71352821cba1dbf4d83da4a834f82209fba323285ae1731e,1521,60.840000000,4096,1080,fixed panoramic tactical camera,tracking,TRACK-G02-01,PENDING,golden_eval
GOLDEN-02-TACTICAL-WIDE:00001522,GOLDEN-02-TACTICAL-WIDE,1cec8e8b8ac0ceff71352821cba1dbf4d83da4a834f82209fba323285ae1731e,1522,60.880000000,4096,1080,fixed panoramic tactical camera,tracking,TRACK-G02-01,PENDING,golden_eval
GOLDEN-02-TACTICAL-WIDE:00001523,GOLDEN-02-TACTICAL-WIDE,1cec8e8b8ac0ceff71352821cba1dbf4d83da4a834f82209fba323285ae1731e,1523,60.920000000,4096,1080,fixed panoramic tactical camera,tracking,TRACK-G02-01,PENDING,golden_eval
GOLDEN-02-TACTICAL-WIDE:00001524,GOLDEN-02-TACTICAL-WIDE,1cec8e8b8ac0ceff71352821cba1dbf4d83da4a834f82209fba323285ae1731e,1524,60.960000000,4096,1080,fixed panoramic tactical camera,tracking,TRACK-G02-01,PENDING,golden_eval
GOLDEN-02-TACTICAL-WIDE:00001525,GOLDEN-02-TACTICAL-WIDE,1cec8e8b8ac0ceff71352821cba1dbf4d83da4a834f82209fba323285ae1731e,1525,61.000000000,4096,1080,fixed panoramic tactical camera,sparse+tracking,TRACK-G02-01,PENDING,golden_eval
GOLDEN-02-TACTICAL-WIDE:00001526,GOLDEN-02-TACTICAL-WIDE,1cec8e8b8ac0ceff71352821cba1dbf4d83da4a834f82209fba323285ae1731e,1526,61.040000000,4096,1080,fixed panoramic tactical camera,tracking,TRACK-G02-01,PENDING,golden_eval
GOLDEN-02-TACTICAL-WIDE:00001527,GOLDEN-02-TACTICAL-WIDE,1cec8e8b8ac0ceff71352821cba1dbf4d83da4a834f82209fba323285ae1731e,1527,61.080000000,4096,1080,fixed panoramic tactical camera,tracking,TRACK-G02-01,PENDING,golden_eval
GOLDEN-02-TACTICAL-WIDE:00001528,GOLDEN-02-TACTICAL-WIDE,1cec8e8b8ac0ceff71352821cba1dbf4d83da4a834f82209fba323285ae1731e,1528,61.120000000,4096,1080,fixed panoramic tactical camera,tracking,TRACK-G02-01,PENDING,golden_eval
GOLDEN-02-TACTICAL-WIDE:00001529,GOLDEN-02-TACTICAL-WIDE,1cec8e8b8ac0ceff71352821cba1dbf4d83da4a834f82209fba323285ae1731e,1529,61.160000000,4096,1080,fixed panoramic tactical camera,tracking,TRACK-G02-01,PENDING,golden_eval
GOLDEN-02-TACTICAL-WIDE:00001530,GOLDEN-02-TACTICAL-WIDE,1cec8e8b8ac0ceff71352821cba1dbf4d83da4a834f82209fba323285ae1731e,1530,61.200000000,4096,1080,fixed panoramic tactical camera,tracking,TRACK-G02-01,PENDING,golden_eval
GOLDEN-02-TACTICAL-WIDE:00001531,GOLDEN-02-TACTICAL-WIDE,1cec8e8b8ac0ceff71352821cba1dbf4d83da4a834f82209fba323285ae1731e,1531,61.240000000,4096,1080,fixed panoramic tactical camera,tracking,TRACK-G02-01,PENDING,golden_eval
GOLDEN-02-TACTICAL-WIDE:00001532,GOLDEN-02-TACTICAL-WIDE,1cec8e8b8ac0ceff71352821cba1dbf4d83da4a834f82209fba323285ae1731e,1532,61.280000000,4096,1080,fixed panoramic tactical camera,tracking,TRACK-G02-01,PENDING,golden_eval
GOLDEN-02-TACTICAL-WIDE:00001533,GOLDEN-02-TACTICAL-WIDE,1cec8e8b8ac0ceff71352821cba1dbf4d83da4a834f82209fba323285ae1731e,1533,61.320000000,4096,1080,fixed panoramic tactical camera,tracking,TRACK-G02-01,PENDING,golden_eval
GOLDEN-02-TACTICAL-WIDE:00001534,GOLDEN-02-TACTICAL-WIDE,1cec8e8b8ac0ceff71352821cba1dbf4d83da4a834f82209fba323285ae1731e,1534,61.360000000,4096,1080,fixed panoramic tactical camera,tracking,TRACK-G02-01,PENDING,golden_eval
GOLDEN-02-TACTICAL-WIDE:00001535,GOLDEN-02-TACTICAL-WIDE,1cec8e8b8ac0ceff71352821cba1dbf4d83da4a834f82209fba323285ae1731e,1535,61.400000000,4096,1080,fixed panoramic tactical camera,tracking,TRACK-G02-01,PENDING,golden_eval
GOLDEN-02-TACTICAL-WIDE:00001536,GOLDEN-02-TACTICAL-WIDE,1cec8e8b8ac0ceff71352821cba1dbf4d83da4a834f82209fba323285ae1731e,1536,61.440000000,4096,1080,fixed panoramic tactical camera,tracking,TRACK-G02-01,PENDING,golden_eval
GOLDEN-02-TACTICAL-WIDE:00001537,GOLDEN-02-TACTICAL-WIDE,1cec8e8b8ac0ceff71352821cba1dbf4d83da4a834f82209fba323285ae1731e,1537,61.480000000,4096,1080,fixed panoramic tactical camera,tracking,TRACK-G02-01,PENDING,golden_eval
GOLDEN-02-TACTICAL-WIDE:00001538,GOLDEN-02-TACTICAL-WIDE,1cec8e8b8ac0ceff71352821cba1dbf4d83da4a834f82209fba323285ae1731e,1538,61.520000000,4096,1080,fixed panoramic tactical camera,tracking,TRACK-G02-01,PENDING,golden_eval
GOLDEN-02-TACTICAL-WIDE:00001539,GOLDEN-02-TACTICAL-WIDE,1cec8e8b8ac0ceff71352821cba1dbf4d83da4a834f82209fba323285ae1731e,1539,61.560000000,4096,1080,fixed panoramic tactical camera,tracking,TRACK-G02-01,PENDING,golden_eval
GOLDEN-02-TACTICAL-WIDE:00001540,GOLDEN-02-TACTICAL-WIDE,1cec8e8b8ac0ceff71352821cba1dbf4d83da4a834f82209fba323285ae1731e,1540,61.600000000,4096,1080,fixed panoramic tactical camera,tracking,TRACK-G02-01,PENDING,golden_eval
GOLDEN-02-TACTICAL-WIDE:00001541,GOLDEN-02-TACTICAL-WIDE,1cec8e8b8ac0ceff71352821cba1dbf4d83da4a834f82209fba323285ae1731e,1541,61.640000000,4096,1080,fixed panoramic tactical camera,tracking,TRACK-G02-01,PENDING,golden_eval
GOLDEN-02-TACTICAL-WIDE:00001542,GOLDEN-02-TACTICAL-WIDE,1cec8e8b8ac0ceff71352821cba1dbf4d83da4a834f82209fba323285ae1731e,1542,61.680000000,4096,1080,fixed panoramic tactical camera,tracking,TRACK-G02-01,PENDING,golden_eval
GOLDEN-02-TACTICAL-WIDE:00001543,GOLDEN-02-TACTICAL-WIDE,1cec8e8b8ac0ceff71352821cba1dbf4d83da4a834f82209fba323285ae1731e,1543,61.720000000,4096,1080,fixed panoramic tactical camera,tracking,TRACK-G02-01,PENDING,golden_eval
GOLDEN-02-TACTICAL-WIDE:00001544,GOLDEN-02-TACTICAL-WIDE,1cec8e8b8ac0ceff71352821cba1dbf4d83da4a834f82209fba323285ae1731e,1544,61.760000000,4096,1080,fixed panoramic tactical camera,tracking,TRACK-G02-01,PENDING,golden_eval
GOLDEN-02-TACTICAL-WIDE:00001545,GOLDEN-02-TACTICAL-WIDE,1cec8e8b8ac0ceff71352821cba1dbf4d83da4a834f82209fba323285ae1731e,1545,61.800000000,4096,1080,fixed panoramic tactical camera,tracking,TRACK-G02-01,PENDING,golden_eval
GOLDEN-02-TACTICAL-WIDE:00001546,GOLDEN-02-TACTICAL-WIDE,1cec8e8b8ac0ceff71352821cba1dbf4d83da4a834f82209fba323285ae1731e,1546,61.840000000,4096,1080,fixed panoramic tactical camera,tracking,TRACK-G02-01,PENDING,golden_eval
GOLDEN-02-TACTICAL-WIDE:00001547,GOLDEN-02-TACTICAL-WIDE,1cec8e8b8ac0ceff71352821cba1dbf4d83da4a834f82209fba323285ae1731e,1547,61.880000000,4096,1080,fixed panoramic tactical camera,tracking,TRACK-G02-01,PENDING,golden_eval
GOLDEN-02-TACTICAL-WIDE:00001548,GOLDEN-02-TACTICAL-WIDE,1cec8e8b8ac0ceff71352821cba1dbf4d83da4a834f82209fba323285ae1731e,1548,61.920000000,4096,1080,fixed panoramic tactical camera,tracking,TRACK-G02-01,PENDING,golden_eval
GOLDEN-02-TACTICAL-WIDE:00001549,GOLDEN-02-TACTICAL-WIDE,1cec8e8b8ac0ceff71352821cba1dbf4d83da4a834f82209fba323285ae1731e,1549,61.960000000,4096,1080,fixed panoramic tactical camera,tracking,TRACK-G02-01,PENDING,golden_eval
GOLDEN-02-TACTICAL-WIDE:00001550,GOLDEN-02-TACTICAL-WIDE,1cec8e8b8ac0ceff71352821cba1dbf4d83da4a834f82209fba323285ae1731e,1550,62.000000000,4096,1080,fixed panoramic tactical camera,sparse,,PENDING,golden_eval
GOLDEN-02-TACTICAL-WIDE:00001575,GOLDEN-02-TACTICAL-WIDE,1cec8e8b8ac0ceff71352821cba1dbf4d83da4a834f82209fba323285ae1731e,1575,63.000000000,4096,1080,fixed panoramic tactical camera,sparse,,PENDING,golden_eval
GOLDEN-02-TACTICAL-WIDE:00001600,GOLDEN-02-TACTICAL-WIDE,1cec8e8b8ac0ceff71352821cba1dbf4d83da4a834f82209fba323285ae1731e,1600,64.000000000,4096,1080,fixed panoramic tactical camera,sparse,,PENDING,golden_eval
GOLDEN-02-TACTICAL-WIDE:00001625,GOLDEN-02-TACTICAL-WIDE,1cec8e8b8ac0ceff71352821cba1dbf4d83da4a834f82209fba323285ae1731e,1625,65.000000000,4096,1080,fixed panoramic tactical camera,sparse,,PENDING,golden_eval
GOLDEN-02-TACTICAL-WIDE:00001650,GOLDEN-02-TACTICAL-WIDE,1cec8e8b8ac0ceff71352821cba1dbf4d83da4a834f82209fba323285ae1731e,1650,66.000000000,4096,1080,fixed panoramic tactical camera,sparse,,PENDING,golden_eval
GOLDEN-02-TACTICAL-WIDE:00001675,GOLDEN-02-TACTICAL-WIDE,1cec8e8b8ac0ceff71352821cba1dbf4d83da4a834f82209fba323285ae1731e,1675,67.000000000,4096,1080,fixed panoramic tactical camera,sparse,,PENDING,golden_eval
GOLDEN-02-TACTICAL-WIDE:00001700,GOLDEN-02-TACTICAL-WIDE,1cec8e8b8ac0ceff71352821cba1dbf4d83da4a834f82209fba323285ae1731e,1700,68.000000000,4096,1080,fixed panoramic tactical camera,sparse,,PENDING,golden_eval
GOLDEN-02-TACTICAL-WIDE:00001725,GOLDEN-02-TACTICAL-WIDE,1cec8e8b8ac0ceff71352821cba1dbf4d83da4a834f82209fba323285ae1731e,1725,69.000000000,4096,1080,fixed panoramic tactical camera,sparse,,PENDING,golden_eval
GOLDEN-02-TACTICAL-WIDE:00001750,GOLDEN-02-TACTICAL-WIDE,1cec8e8b8ac0ceff71352821cba1dbf4d83da4a834f82209fba323285ae1731e,1750,70.000000000,4096,1080,fixed panoramic tactical camera,sparse,,PENDING,golden_eval
GOLDEN-02-TACTICAL-WIDE:00001775,GOLDEN-02-TACTICAL-WIDE,1cec8e8b8ac0ceff71352821cba1dbf4d83da4a834f82209fba323285ae1731e,1775,71.000000000,4096,1080,fixed panoramic tactical camera,sparse,,PENDING,golden_eval
GOLDEN-02-TACTICAL-WIDE:00001800,GOLDEN-02-TACTICAL-WIDE,1cec8e8b8ac0ceff71352821cba1dbf4d83da4a834f82209fba323285ae1731e,1800,72.000000000,4096,1080,fixed panoramic tactical camera,sparse,,PENDING,golden_eval
GOLDEN-02-TACTICAL-WIDE:00001825,GOLDEN-02-TACTICAL-WIDE,1cec8e8b8ac0ceff71352821cba1dbf4d83da4a834f82209fba323285ae1731e,1825,73.000000000,4096,1080,fixed panoramic tactical camera,sparse,,PENDING,golden_eval
GOLDEN-02-TACTICAL-WIDE:00001850,GOLDEN-02-TACTICAL-WIDE,1cec8e8b8ac0ceff71352821cba1dbf4d83da4a834f82209fba323285ae1731e,1850,74.000000000,4096,1080,fixed panoramic tactical camera,sparse,,PENDING,golden_eval
GOLDEN-02-TACTICAL-WIDE:00001875,GOLDEN-02-TACTICAL-WIDE,1cec8e8b8ac0ceff71352821cba1dbf4d83da4a834f82209fba323285ae1731e,1875,75.000000000,4096,1080,fixed panoramic tactical camera,sparse,,PENDING,golden_eval
GOLDEN-02-TACTICAL-WIDE:00001900,GOLDEN-02-TACTICAL-WIDE,1cec8e8b8ac0ceff71352821cba1dbf4d83da4a834f82209fba323285ae1731e,1900,76.000000000,4096,1080,fixed panoramic tactical camera,sparse,,PENDING,golden_eval
GOLDEN-02-TACTICAL-WIDE:00001925,GOLDEN-02-TACTICAL-WIDE,1cec8e8b8ac0ceff71352821cba1dbf4d83da4a834f82209fba323285ae1731e,1925,77.000000000,4096,1080,fixed panoramic tactical camera,sparse,,PENDING,golden_eval
GOLDEN-02-TACTICAL-WIDE:00001950,GOLDEN-02-TACTICAL-WIDE,1cec8e8b8ac0ceff71352821cba1dbf4d83da4a834f82209fba323285ae1731e,1950,78.000000000,4096,1080,fixed panoramic tactical camera,sparse,,PENDING,golden_eval
GOLDEN-02-TACTICAL-WIDE:00001975,GOLDEN-02-TACTICAL-WIDE,1cec8e8b8ac0ceff71352821cba1dbf4d83da4a834f82209fba323285ae1731e,1975,79.000000000,4096,1080,fixed panoramic tactical camera,sparse,,PENDING,golden_eval
GOLDEN-02-TACTICAL-WIDE:00002000,GOLDEN-02-TACTICAL-WIDE,1cec8e8b8ac0ceff71352821cba1dbf4d83da4a834f82209fba323285ae1731e,2000,80.000000000,4096,1080,fixed panoramic tactical camera,sparse,,PENDING,golden_eval
GOLDEN-02-TACTICAL-WIDE:00002025,GOLDEN-02-TACTICAL-WIDE,1cec8e8b8ac0ceff71352821cba1dbf4d83da4a834f82209fba323285ae1731e,2025,81.000000000,4096,1080,fixed panoramic tactical camera,sparse,,PENDING,golden_eval
GOLDEN-02-TACTICAL-WIDE:00002050,GOLDEN-02-TACTICAL-WIDE,1cec8e8b8ac0ceff71352821cba1dbf4d83da4a834f82209fba323285ae1731e,2050,82.000000000,4096,1080,fixed panoramic tactical camera,sparse,,PENDING,golden_eval
GOLDEN-02-TACTICAL-WIDE:00002075,GOLDEN-02-TACTICAL-WIDE,1cec8e8b8ac0ceff71352821cba1dbf4d83da4a834f82209fba323285ae1731e,2075,83.000000000,4096,1080,fixed panoramic tactical camera,sparse,,PENDING,golden_eval
GOLDEN-02-TACTICAL-WIDE:00002100,GOLDEN-02-TACTICAL-WIDE,1cec8e8b8ac0ceff71352821cba1dbf4d83da4a834f82209fba323285ae1731e,2100,84.000000000,4096,1080,fixed panoramic tactical camera,sparse,,PENDING,golden_eval
GOLDEN-02-TACTICAL-WIDE:00002125,GOLDEN-02-TACTICAL-WIDE,1cec8e8b8ac0ceff71352821cba1dbf4d83da4a834f82209fba323285ae1731e,2125,85.000000000,4096,1080,fixed panoramic tactical camera,sparse,,PENDING,golden_eval
GOLDEN-02-TACTICAL-WIDE:00002150,GOLDEN-02-TACTICAL-WIDE,1cec8e8b8ac0ceff71352821cba1dbf4d83da4a834f82209fba323285ae1731e,2150,86.000000000,4096,1080,fixed panoramic tactical camera,sparse,,PENDING,golden_eval
GOLDEN-02-TACTICAL-WIDE:00002175,GOLDEN-02-TACTICAL-WIDE,1cec8e8b8ac0ceff71352821cba1dbf4d83da4a834f82209fba323285ae1731e,2175,87.000000000,4096,1080,fixed panoramic tactical camera,sparse,,PENDING,golden_eval
GOLDEN-02-TACTICAL-WIDE:00002200,GOLDEN-02-TACTICAL-WIDE,1cec8e8b8ac0ceff71352821cba1dbf4d83da4a834f82209fba323285ae1731e,2200,88.000000000,4096,1080,fixed panoramic tactical camera,sparse,,PENDING,golden_eval
GOLDEN-02-TACTICAL-WIDE:00002225,GOLDEN-02-TACTICAL-WIDE,1cec8e8b8ac0ceff71352821cba1dbf4d83da4a834f82209fba323285ae1731e,2225,89.000000000,4096,1080,fixed panoramic tactical camera,sparse,,PENDING,golden_eval
GOLDEN-02-TACTICAL-WIDE:00002250,GOLDEN-02-TACTICAL-WIDE,1cec8e8b8ac0ceff71352821cba1dbf4d83da4a834f82209fba323285ae1731e,2250,90.000000000,4096,1080,fixed panoramic tactical camera,sparse,,PENDING,golden_eval
GOLDEN-02-TACTICAL-WIDE:00002275,GOLDEN-02-TACTICAL-WIDE,1cec8e8b8ac0ceff71352821cba1dbf4d83da4a834f82209fba323285ae1731e,2275,91.000000000,4096,1080,fixed panoramic tactical camera,sparse,,PENDING,golden_eval
GOLDEN-02-TACTICAL-WIDE:00002300,GOLDEN-02-TACTICAL-WIDE,1cec8e8b8ac0ceff71352821cba1dbf4d83da4a834f82209fba323285ae1731e,2300,92.000000000,4096,1080,fixed panoramic tactical camera,sparse,,PENDING,golden_eval
GOLDEN-02-TACTICAL-WIDE:00002325,GOLDEN-02-TACTICAL-WIDE,1cec8e8b8ac0ceff71352821cba1dbf4d83da4a834f82209fba323285ae1731e,2325,93.000000000,4096,1080,fixed panoramic tactical camera,sparse,,PENDING,golden_eval
GOLDEN-02-TACTICAL-WIDE:00002350,GOLDEN-02-TACTICAL-WIDE,1cec8e8b8ac0ceff71352821cba1dbf4d83da4a834f82209fba323285ae1731e,2350,94.000000000,4096,1080,fixed panoramic tactical camera,sparse,,PENDING,golden_eval
GOLDEN-02-TACTICAL-WIDE:00002375,GOLDEN-02-TACTICAL-WIDE,1cec8e8b8ac0ceff71352821cba1dbf4d83da4a834f82209fba323285ae1731e,2375,95.000000000,4096,1080,fixed panoramic tactical camera,sparse,,PENDING,golden_eval
GOLDEN-02-TACTICAL-WIDE:00002400,GOLDEN-02-TACTICAL-WIDE,1cec8e8b8ac0ceff71352821cba1dbf4d83da4a834f82209fba323285ae1731e,2400,96.000000000,4096,1080,fixed panoramic tactical camera,sparse,,PENDING,golden_eval
GOLDEN-02-TACTICAL-WIDE:00002425,GOLDEN-02-TACTICAL-WIDE,1cec8e8b8ac0ceff71352821cba1dbf4d83da4a834f82209fba323285ae1731e,2425,97.000000000,4096,1080,fixed panoramic tactical camera,sparse,,PENDING,golden_eval
GOLDEN-02-TACTICAL-WIDE:00002450,GOLDEN-02-TACTICAL-WIDE,1cec8e8b8ac0ceff71352821cba1dbf4d83da4a834f82209fba323285ae1731e,2450,98.000000000,4096,1080,fixed panoramic tactical camera,sparse,,PENDING,golden_eval
GOLDEN-02-TACTICAL-WIDE:00002475,GOLDEN-02-TACTICAL-WIDE,1cec8e8b8ac0ceff71352821cba1dbf4d83da4a834f82209fba323285ae1731e,2475,99.000000000,4096,1080,fixed panoramic tactical camera,sparse,,PENDING,golden_eval
GOLDEN-02-TACTICAL-WIDE:00002500,GOLDEN-02-TACTICAL-WIDE,1cec8e8b8ac0ceff71352821cba1dbf4d83da4a834f82209fba323285ae1731e,2500,100.000000000,4096,1080,fixed panoramic tactical camera,sparse,,PENDING,golden_eval
GOLDEN-02-TACTICAL-WIDE:00002525,GOLDEN-02-TACTICAL-WIDE,1cec8e8b8ac0ceff71352821cba1dbf4d83da4a834f82209fba323285ae1731e,2525,101.000000000,4096,1080,fixed panoramic tactical camera,sparse,,PENDING,golden_eval
GOLDEN-02-TACTICAL-WIDE:00002550,GOLDEN-02-TACTICAL-WIDE,1cec8e8b8ac0ceff71352821cba1dbf4d83da4a834f82209fba323285ae1731e,2550,102.000000000,4096,1080,fixed panoramic tactical camera,sparse,,PENDING,golden_eval
GOLDEN-02-TACTICAL-WIDE:00002575,GOLDEN-02-TACTICAL-WIDE,1cec8e8b8ac0ceff71352821cba1dbf4d83da4a834f82209fba323285ae1731e,2575,103.000000000,4096,1080,fixed panoramic tactical camera,sparse,,PENDING,golden_eval
GOLDEN-02-TACTICAL-WIDE:00002600,GOLDEN-02-TACTICAL-WIDE,1cec8e8b8ac0ceff71352821cba1dbf4d83da4a834f82209fba323285ae1731e,2600,104.000000000,4096,1080,fixed panoramic tactical camera,sparse,,PENDING,golden_eval
GOLDEN-02-TACTICAL-WIDE:00002625,GOLDEN-02-TACTICAL-WIDE,1cec8e8b8ac0ceff71352821cba1dbf4d83da4a834f82209fba323285ae1731e,2625,105.000000000,4096,1080,fixed panoramic tactical camera,sparse,,PENDING,golden_eval
GOLDEN-02-TACTICAL-WIDE:00002650,GOLDEN-02-TACTICAL-WIDE,1cec8e8b8ac0ceff71352821cba1dbf4d83da4a834f82209fba323285ae1731e,2650,106.000000000,4096,1080,fixed panoramic tactical camera,sparse,,PENDING,golden_eval
GOLDEN-02-TACTICAL-WIDE:00002675,GOLDEN-02-TACTICAL-WIDE,1cec8e8b8ac0ceff71352821cba1dbf4d83da4a834f82209fba323285ae1731e,2675,107.000000000,4096,1080,fixed panoramic tactical camera,sparse,,PENDING,golden_eval
GOLDEN-02-TACTICAL-WIDE:00002700,GOLDEN-02-TACTICAL-WIDE,1cec8e8b8ac0ceff71352821cba1dbf4d83da4a834f82209fba323285ae1731e,2700,108.000000000,4096,1080,fixed panoramic tactical camera,sparse,,PENDING,golden_eval
GOLDEN-02-TACTICAL-WIDE:00002725,GOLDEN-02-TACTICAL-WIDE,1cec8e8b8ac0ceff71352821cba1dbf4d83da4a834f82209fba323285ae1731e,2725,109.000000000,4096,1080,fixed panoramic tactical camera,sparse,,PENDING,golden_eval
GOLDEN-02-TACTICAL-WIDE:00002750,GOLDEN-02-TACTICAL-WIDE,1cec8e8b8ac0ceff71352821cba1dbf4d83da4a834f82209fba323285ae1731e,2750,110.000000000,4096,1080,fixed panoramic tactical camera,sparse,,PENDING,golden_eval
GOLDEN-02-TACTICAL-WIDE:00002775,GOLDEN-02-TACTICAL-WIDE,1cec8e8b8ac0ceff71352821cba1dbf4d83da4a834f82209fba323285ae1731e,2775,111.000000000,4096,1080,fixed panoramic tactical camera,sparse,,PENDING,golden_eval
GOLDEN-02-TACTICAL-WIDE:00002800,GOLDEN-02-TACTICAL-WIDE,1cec8e8b8ac0ceff71352821cba1dbf4d83da4a834f82209fba323285ae1731e,2800,112.000000000,4096,1080,fixed panoramic tactical camera,sparse,,PENDING,golden_eval
GOLDEN-02-TACTICAL-WIDE:00002825,GOLDEN-02-TACTICAL-WIDE,1cec8e8b8ac0ceff71352821cba1dbf4d83da4a834f82209fba323285ae1731e,2825,113.000000000,4096,1080,fixed panoramic tactical camera,sparse,,PENDING,golden_eval
GOLDEN-02-TACTICAL-WIDE:00002850,GOLDEN-02-TACTICAL-WIDE,1cec8e8b8ac0ceff71352821cba1dbf4d83da4a834f82209fba323285ae1731e,2850,114.000000000,4096,1080,fixed panoramic tactical camera,sparse,,PENDING,golden_eval
GOLDEN-02-TACTICAL-WIDE:00002875,GOLDEN-02-TACTICAL-WIDE,1cec8e8b8ac0ceff71352821cba1dbf4d83da4a834f82209fba323285ae1731e,2875,115.000000000,4096,1080,fixed panoramic tactical camera,sparse,,PENDING,golden_eval
GOLDEN-02-TACTICAL-WIDE:00002900,GOLDEN-02-TACTICAL-WIDE,1cec8e8b8ac0ceff71352821cba1dbf4d83da4a834f82209fba323285ae1731e,2900,116.000000000,4096,1080,fixed panoramic tactical camera,sparse,,PENDING,golden_eval
GOLDEN-02-TACTICAL-WIDE:00002925,GOLDEN-02-TACTICAL-WIDE,1cec8e8b8ac0ceff71352821cba1dbf4d83da4a834f82209fba323285ae1731e,2925,117.000000000,4096,1080,fixed panoramic tactical camera,sparse,,PENDING,golden_eval
GOLDEN-02-TACTICAL-WIDE:00002950,GOLDEN-02-TACTICAL-WIDE,1cec8e8b8ac0ceff71352821cba1dbf4d83da4a834f82209fba323285ae1731e,2950,118.000000000,4096,1080,fixed panoramic tactical camera,sparse,,PENDING,golden_eval
GOLDEN-02-TACTICAL-WIDE:00002975,GOLDEN-02-TACTICAL-WIDE,1cec8e8b8ac0ceff71352821cba1dbf4d83da4a834f82209fba323285ae1731e,2975,119.000000000,4096,1080,fixed panoramic tactical camera,sparse,,PENDING,golden_eval
GOLDEN-02-TACTICAL-WIDE:00003000,GOLDEN-02-TACTICAL-WIDE,1cec8e8b8ac0ceff71352821cba1dbf4d83da4a834f82209fba323285ae1731e,3000,120.000000000,4096,1080,fixed panoramic tactical camera,sparse,,PENDING,golden_eval
GOLDEN-02-TACTICAL-WIDE:00003025,GOLDEN-02-TACTICAL-WIDE,1cec8e8b8ac0ceff71352821cba1dbf4d83da4a834f82209fba323285ae1731e,3025,121.000000000,4096,1080,fixed panoramic tactical camera,sparse,,PENDING,golden_eval
GOLDEN-02-TACTICAL-WIDE:00003050,GOLDEN-02-TACTICAL-WIDE,1cec8e8b8ac0ceff71352821cba1dbf4d83da4a834f82209fba323285ae1731e,3050,122.000000000,4096,1080,fixed panoramic tactical camera,sparse,,PENDING,golden_eval
GOLDEN-02-TACTICAL-WIDE:00003075,GOLDEN-02-TACTICAL-WIDE,1cec8e8b8ac0ceff71352821cba1dbf4d83da4a834f82209fba323285ae1731e,3075,123.000000000,4096,1080,fixed panoramic tactical camera,sparse,,PENDING,golden_eval
GOLDEN-02-TACTICAL-WIDE:00003100,GOLDEN-02-TACTICAL-WIDE,1cec8e8b8ac0ceff71352821cba1dbf4d83da4a834f82209fba323285ae1731e,3100,124.000000000,4096,1080,fixed panoramic tactical camera,sparse,,PENDING,golden_eval
GOLDEN-02-TACTICAL-WIDE:00003125,GOLDEN-02-TACTICAL-WIDE,1cec8e8b8ac0ceff71352821cba1dbf4d83da4a834f82209fba323285ae1731e,3125,125.000000000,4096,1080,fixed panoramic tactical camera,sparse,,PENDING,golden_eval
GOLDEN-02-TACTICAL-WIDE:00003150,GOLDEN-02-TACTICAL-WIDE,1cec8e8b8ac0ceff71352821cba1dbf4d83da4a834f82209fba323285ae1731e,3150,126.000000000,4096,1080,fixed panoramic tactical camera,sparse,,PENDING,golden_eval
GOLDEN-02-TACTICAL-WIDE:00003175,GOLDEN-02-TACTICAL-WIDE,1cec8e8b8ac0ceff71352821cba1dbf4d83da4a834f82209fba323285ae1731e,3175,127.000000000,4096,1080,fixed panoramic tactical camera,sparse,,PENDING,golden_eval
GOLDEN-02-TACTICAL-WIDE:00003200,GOLDEN-02-TACTICAL-WIDE,1cec8e8b8ac0ceff71352821cba1dbf4d83da4a834f82209fba323285ae1731e,3200,128.000000000,4096,1080,fixed panoramic tactical camera,sparse,,PENDING,golden_eval
GOLDEN-02-TACTICAL-WIDE:00003225,GOLDEN-02-TACTICAL-WIDE,1cec8e8b8ac0ceff71352821cba1dbf4d83da4a834f82209fba323285ae1731e,3225,129.000000000,4096,1080,fixed panoramic tactical camera,sparse,,PENDING,golden_eval
GOLDEN-02-TACTICAL-WIDE:00003250,GOLDEN-02-TACTICAL-WIDE,1cec8e8b8ac0ceff71352821cba1dbf4d83da4a834f82209fba323285ae1731e,3250,130.000000000,4096,1080,fixed panoramic tactical camera,sparse,,PENDING,golden_eval
GOLDEN-02-TACTICAL-WIDE:00003275,GOLDEN-02-TACTICAL-WIDE,1cec8e8b8ac0ceff71352821cba1dbf4d83da4a834f82209fba323285ae1731e,3275,131.000000000,4096,1080,fixed panoramic tactical camera,sparse,,PENDING,golden_eval
GOLDEN-02-TACTICAL-WIDE:00003300,GOLDEN-02-TACTICAL-WIDE,1cec8e8b8ac0ceff71352821cba1dbf4d83da4a834f82209fba323285ae1731e,3300,132.000000000,4096,1080,fixed panoramic tactical camera,sparse,,PENDING,golden_eval
GOLDEN-02-TACTICAL-WIDE:00003325,GOLDEN-02-TACTICAL-WIDE,1cec8e8b8ac0ceff71352821cba1dbf4d83da4a834f82209fba323285ae1731e,3325,133.000000000,4096,1080,fixed panoramic tactical camera,sparse,,PENDING,golden_eval
GOLDEN-02-TACTICAL-WIDE:00003350,GOLDEN-02-TACTICAL-WIDE,1cec8e8b8ac0ceff71352821cba1dbf4d83da4a834f82209fba323285ae1731e,3350,134.000000000,4096,1080,fixed panoramic tactical camera,sparse,,PENDING,golden_eval
GOLDEN-02-TACTICAL-WIDE:00003375,GOLDEN-02-TACTICAL-WIDE,1cec8e8b8ac0ceff71352821cba1dbf4d83da4a834f82209fba323285ae1731e,3375,135.000000000,4096,1080,fixed panoramic tactical camera,sparse,,PENDING,golden_eval
GOLDEN-02-TACTICAL-WIDE:00003400,GOLDEN-02-TACTICAL-WIDE,1cec8e8b8ac0ceff71352821cba1dbf4d83da4a834f82209fba323285ae1731e,3400,136.000000000,4096,1080,fixed panoramic tactical camera,sparse,,PENDING,golden_eval
GOLDEN-02-TACTICAL-WIDE:00003425,GOLDEN-02-TACTICAL-WIDE,1cec8e8b8ac0ceff71352821cba1dbf4d83da4a834f82209fba323285ae1731e,3425,137.000000000,4096,1080,fixed panoramic tactical camera,sparse,,PENDING,golden_eval
GOLDEN-02-TACTICAL-WIDE:00003450,GOLDEN-02-TACTICAL-WIDE,1cec8e8b8ac0ceff71352821cba1dbf4d83da4a834f82209fba323285ae1731e,3450,138.000000000,4096,1080,fixed panoramic tactical camera,sparse,,PENDING,golden_eval
GOLDEN-02-TACTICAL-WIDE:00003475,GOLDEN-02-TACTICAL-WIDE,1cec8e8b8ac0ceff71352821cba1dbf4d83da4a834f82209fba323285ae1731e,3475,139.000000000,4096,1080,fixed panoramic tactical camera,sparse,,PENDING,golden_eval
GOLDEN-02-TACTICAL-WIDE:00003500,GOLDEN-02-TACTICAL-WIDE,1cec8e8b8ac0ceff71352821cba1dbf4d83da4a834f82209fba323285ae1731e,3500,140.000000000,4096,1080,fixed panoramic tactical camera,sparse,,PENDING,golden_eval
GOLDEN-02-TACTICAL-WIDE:00003525,GOLDEN-02-TACTICAL-WIDE,1cec8e8b8ac0ceff71352821cba1dbf4d83da4a834f82209fba323285ae1731e,3525,141.000000000,4096,1080,fixed panoramic tactical camera,sparse,,PENDING,golden_eval
GOLDEN-02-TACTICAL-WIDE:00003550,GOLDEN-02-TACTICAL-WIDE,1cec8e8b8ac0ceff71352821cba1dbf4d83da4a834f82209fba323285ae1731e,3550,142.000000000,4096,1080,fixed panoramic tactical camera,sparse,,PENDING,golden_eval
GOLDEN-02-TACTICAL-WIDE:00003575,GOLDEN-02-TACTICAL-WIDE,1cec8e8b8ac0ceff71352821cba1dbf4d83da4a834f82209fba323285ae1731e,3575,143.000000000,4096,1080,fixed panoramic tactical camera,sparse,,PENDING,golden_eval
GOLDEN-02-TACTICAL-WIDE:00003600,GOLDEN-02-TACTICAL-WIDE,1cec8e8b8ac0ceff71352821cba1dbf4d83da4a834f82209fba323285ae1731e,3600,144.000000000,4096,1080,fixed panoramic tactical camera,sparse,,PENDING,golden_eval
GOLDEN-02-TACTICAL-WIDE:00003625,GOLDEN-02-TACTICAL-WIDE,1cec8e8b8ac0ceff71352821cba1dbf4d83da4a834f82209fba323285ae1731e,3625,145.000000000,4096,1080,fixed panoramic tactical camera,sparse,,PENDING,golden_eval
GOLDEN-02-TACTICAL-WIDE:00003650,GOLDEN-02-TACTICAL-WIDE,1cec8e8b8ac0ceff71352821cba1dbf4d83da4a834f82209fba323285ae1731e,3650,146.000000000,4096,1080,fixed panoramic tactical camera,sparse,,PENDING,golden_eval
GOLDEN-02-TACTICAL-WIDE:00003675,GOLDEN-02-TACTICAL-WIDE,1cec8e8b8ac0ceff71352821cba1dbf4d83da4a834f82209fba323285ae1731e,3675,147.000000000,4096,1080,fixed panoramic tactical camera,sparse,,PENDING,golden_eval
GOLDEN-02-TACTICAL-WIDE:00003700,GOLDEN-02-TACTICAL-WIDE,1cec8e8b8ac0ceff71352821cba1dbf4d83da4a834f82209fba323285ae1731e,3700,148.000000000,4096,1080,fixed panoramic tactical camera,sparse,,PENDING,golden_eval
GOLDEN-02-TACTICAL-WIDE:00003725,GOLDEN-02-TACTICAL-WIDE,1cec8e8b8ac0ceff71352821cba1dbf4d83da4a834f82209fba323285ae1731e,3725,149.000000000,4096,1080,fixed panoramic tactical camera,sparse,,PENDING,golden_eval
GOLDEN-02-TACTICAL-WIDE:00003750,GOLDEN-02-TACTICAL-WIDE,1cec8e8b8ac0ceff71352821cba1dbf4d83da4a834f82209fba323285ae1731e,3750,150.000000000,4096,1080,fixed panoramic tactical camera,sparse,,PENDING,golden_eval
GOLDEN-02-TACTICAL-WIDE:00003775,GOLDEN-02-TACTICAL-WIDE,1cec8e8b8ac0ceff71352821cba1dbf4d83da4a834f82209fba323285ae1731e,3775,151.000000000,4096,1080,fixed panoramic tactical camera,sparse,,PENDING,golden_eval
GOLDEN-02-TACTICAL-WIDE:00003800,GOLDEN-02-TACTICAL-WIDE,1cec8e8b8ac0ceff71352821cba1dbf4d83da4a834f82209fba323285ae1731e,3800,152.000000000,4096,1080,fixed panoramic tactical camera,sparse,,PENDING,golden_eval
GOLDEN-02-TACTICAL-WIDE:00003825,GOLDEN-02-TACTICAL-WIDE,1cec8e8b8ac0ceff71352821cba1dbf4d83da4a834f82209fba323285ae1731e,3825,153.000000000,4096,1080,fixed panoramic tactical camera,sparse,,PENDING,golden_eval
GOLDEN-02-TACTICAL-WIDE:00003850,GOLDEN-02-TACTICAL-WIDE,1cec8e8b8ac0ceff71352821cba1dbf4d83da4a834f82209fba323285ae1731e,3850,154.000000000,4096,1080,fixed panoramic tactical camera,sparse,,PENDING,golden_eval
GOLDEN-02-TACTICAL-WIDE:00003875,GOLDEN-02-TACTICAL-WIDE,1cec8e8b8ac0ceff71352821cba1dbf4d83da4a834f82209fba323285ae1731e,3875,155.000000000,4096,1080,fixed panoramic tactical camera,sparse,,PENDING,golden_eval
GOLDEN-02-TACTICAL-WIDE:00003900,GOLDEN-02-TACTICAL-WIDE,1cec8e8b8ac0ceff71352821cba1dbf4d83da4a834f82209fba323285ae1731e,3900,156.000000000,4096,1080,fixed panoramic tactical camera,sparse,,PENDING,golden_eval
GOLDEN-02-TACTICAL-WIDE:00003925,GOLDEN-02-TACTICAL-WIDE,1cec8e8b8ac0ceff71352821cba1dbf4d83da4a834f82209fba323285ae1731e,3925,157.000000000,4096,1080,fixed panoramic tactical camera,sparse,,PENDING,golden_eval
GOLDEN-02-TACTICAL-WIDE:00003950,GOLDEN-02-TACTICAL-WIDE,1cec8e8b8ac0ceff71352821cba1dbf4d83da4a834f82209fba323285ae1731e,3950,158.000000000,4096,1080,fixed panoramic tactical camera,sparse,,PENDING,golden_eval
GOLDEN-02-TACTICAL-WIDE:00003975,GOLDEN-02-TACTICAL-WIDE,1cec8e8b8ac0ceff71352821cba1dbf4d83da4a834f82209fba323285ae1731e,3975,159.000000000,4096,1080,fixed panoramic tactical camera,sparse,,PENDING,golden_eval
GOLDEN-02-TACTICAL-WIDE:00004000,GOLDEN-02-TACTICAL-WIDE,1cec8e8b8ac0ceff71352821cba1dbf4d83da4a834f82209fba323285ae1731e,4000,160.000000000,4096,1080,fixed panoramic tactical camera,sparse,,PENDING,golden_eval
GOLDEN-02-TACTICAL-WIDE:00004025,GOLDEN-02-TACTICAL-WIDE,1cec8e8b8ac0ceff71352821cba1dbf4d83da4a834f82209fba323285ae1731e,4025,161.000000000,4096,1080,fixed panoramic tactical camera,sparse,,PENDING,golden_eval
GOLDEN-02-TACTICAL-WIDE:00004050,GOLDEN-02-TACTICAL-WIDE,1cec8e8b8ac0ceff71352821cba1dbf4d83da4a834f82209fba323285ae1731e,4050,162.000000000,4096,1080,fixed panoramic tactical camera,sparse,,PENDING,golden_eval
GOLDEN-02-TACTICAL-WIDE:00004075,GOLDEN-02-TACTICAL-WIDE,1cec8e8b8ac0ceff71352821cba1dbf4d83da4a834f82209fba323285ae1731e,4075,163.000000000,4096,1080,fixed panoramic tactical camera,sparse,,PENDING,golden_eval
GOLDEN-02-TACTICAL-WIDE:00004100,GOLDEN-02-TACTICAL-WIDE,1cec8e8b8ac0ceff71352821cba1dbf4d83da4a834f82209fba323285ae1731e,4100,164.000000000,4096,1080,fixed panoramic tactical camera,sparse,,PENDING,golden_eval
GOLDEN-02-TACTICAL-WIDE:00004125,GOLDEN-02-TACTICAL-WIDE,1cec8e8b8ac0ceff71352821cba1dbf4d83da4a834f82209fba323285ae1731e,4125,165.000000000,4096,1080,fixed panoramic tactical camera,sparse,,PENDING,golden_eval
GOLDEN-02-TACTICAL-WIDE:00004150,GOLDEN-02-TACTICAL-WIDE,1cec8e8b8ac0ceff71352821cba1dbf4d83da4a834f82209fba323285ae1731e,4150,166.000000000,4096,1080,fixed panoramic tactical camera,sparse,,PENDING,golden_eval
GOLDEN-02-TACTICAL-WIDE:00004175,GOLDEN-02-TACTICAL-WIDE,1cec8e8b8ac0ceff71352821cba1dbf4d83da4a834f82209fba323285ae1731e,4175,167.000000000,4096,1080,fixed panoramic tactical camera,sparse,,PENDING,golden_eval
GOLDEN-02-TACTICAL-WIDE:00004200,GOLDEN-02-TACTICAL-WIDE,1cec8e8b8ac0ceff71352821cba1dbf4d83da4a834f82209fba323285ae1731e,4200,168.000000000,4096,1080,fixed panoramic tactical camera,sparse,,PENDING,golden_eval
GOLDEN-02-TACTICAL-WIDE:00004225,GOLDEN-02-TACTICAL-WIDE,1cec8e8b8ac0ceff71352821cba1dbf4d83da4a834f82209fba323285ae1731e,4225,169.000000000,4096,1080,fixed panoramic tactical camera,sparse,,PENDING,golden_eval
GOLDEN-02-TACTICAL-WIDE:00004250,GOLDEN-02-TACTICAL-WIDE,1cec8e8b8ac0ceff71352821cba1dbf4d83da4a834f82209fba323285ae1731e,4250,170.000000000,4096,1080,fixed panoramic tactical camera,sparse,,PENDING,golden_eval
GOLDEN-02-TACTICAL-WIDE:00004275,GOLDEN-02-TACTICAL-WIDE,1cec8e8b8ac0ceff71352821cba1dbf4d83da4a834f82209fba323285ae1731e,4275,171.000000000,4096,1080,fixed panoramic tactical camera,sparse,,PENDING,golden_eval
GOLDEN-02-TACTICAL-WIDE:00004300,GOLDEN-02-TACTICAL-WIDE,1cec8e8b8ac0ceff71352821cba1dbf4d83da4a834f82209fba323285ae1731e,4300,172.000000000,4096,1080,fixed panoramic tactical camera,sparse,,PENDING,golden_eval
GOLDEN-02-TACTICAL-WIDE:00004325,GOLDEN-02-TACTICAL-WIDE,1cec8e8b8ac0ceff71352821cba1dbf4d83da4a834f82209fba323285ae1731e,4325,173.000000000,4096,1080,fixed panoramic tactical camera,sparse,,PENDING,golden_eval
GOLDEN-02-TACTICAL-WIDE:00004350,GOLDEN-02-TACTICAL-WIDE,1cec8e8b8ac0ceff71352821cba1dbf4d83da4a834f82209fba323285ae1731e,4350,174.000000000,4096,1080,fixed panoramic tactical camera,sparse,,PENDING,golden_eval
GOLDEN-02-TACTICAL-WIDE:00004375,GOLDEN-02-TACTICAL-WIDE,1cec8e8b8ac0ceff71352821cba1dbf4d83da4a834f82209fba323285ae1731e,4375,175.000000000,4096,1080,fixed panoramic tactical camera,sparse,,PENDING,golden_eval
GOLDEN-02-TACTICAL-WIDE:00004400,GOLDEN-02-TACTICAL-WIDE,1cec8e8b8ac0ceff71352821cba1dbf4d83da4a834f82209fba323285ae1731e,4400,176.000000000,4096,1080,fixed panoramic tactical camera,sparse,,PENDING,golden_eval
GOLDEN-02-TACTICAL-WIDE:00004425,GOLDEN-02-TACTICAL-WIDE,1cec8e8b8ac0ceff71352821cba1dbf4d83da4a834f82209fba323285ae1731e,4425,177.000000000,4096,1080,fixed panoramic tactical camera,sparse,,PENDING,golden_eval
GOLDEN-02-TACTICAL-WIDE:00004450,GOLDEN-02-TACTICAL-WIDE,1cec8e8b8ac0ceff71352821cba1dbf4d83da4a834f82209fba323285ae1731e,4450,178.000000000,4096,1080,fixed panoramic tactical camera,sparse,,PENDING,golden_eval
GOLDEN-02-TACTICAL-WIDE:00004475,GOLDEN-02-TACTICAL-WIDE,1cec8e8b8ac0ceff71352821cba1dbf4d83da4a834f82209fba323285ae1731e,4475,179.000000000,4096,1080,fixed panoramic tactical camera,sparse,,PENDING,golden_eval
GOLDEN-02-TACTICAL-WIDE:00004500,GOLDEN-02-TACTICAL-WIDE,1cec8e8b8ac0ceff71352821cba1dbf4d83da4a834f82209fba323285ae1731e,4500,180.000000000,4096,1080,fixed panoramic tactical camera,sparse+tracking,TRACK-G02-02,PENDING,golden_eval
GOLDEN-02-TACTICAL-WIDE:00004501,GOLDEN-02-TACTICAL-WIDE,1cec8e8b8ac0ceff71352821cba1dbf4d83da4a834f82209fba323285ae1731e,4501,180.040000000,4096,1080,fixed panoramic tactical camera,tracking,TRACK-G02-02,PENDING,golden_eval
GOLDEN-02-TACTICAL-WIDE:00004502,GOLDEN-02-TACTICAL-WIDE,1cec8e8b8ac0ceff71352821cba1dbf4d83da4a834f82209fba323285ae1731e,4502,180.080000000,4096,1080,fixed panoramic tactical camera,tracking,TRACK-G02-02,PENDING,golden_eval
GOLDEN-02-TACTICAL-WIDE:00004503,GOLDEN-02-TACTICAL-WIDE,1cec8e8b8ac0ceff71352821cba1dbf4d83da4a834f82209fba323285ae1731e,4503,180.120000000,4096,1080,fixed panoramic tactical camera,tracking,TRACK-G02-02,PENDING,golden_eval
GOLDEN-02-TACTICAL-WIDE:00004504,GOLDEN-02-TACTICAL-WIDE,1cec8e8b8ac0ceff71352821cba1dbf4d83da4a834f82209fba323285ae1731e,4504,180.160000000,4096,1080,fixed panoramic tactical camera,tracking,TRACK-G02-02,PENDING,golden_eval
GOLDEN-02-TACTICAL-WIDE:00004505,GOLDEN-02-TACTICAL-WIDE,1cec8e8b8ac0ceff71352821cba1dbf4d83da4a834f82209fba323285ae1731e,4505,180.200000000,4096,1080,fixed panoramic tactical camera,tracking,TRACK-G02-02,PENDING,golden_eval
GOLDEN-02-TACTICAL-WIDE:00004506,GOLDEN-02-TACTICAL-WIDE,1cec8e8b8ac0ceff71352821cba1dbf4d83da4a834f82209fba323285ae1731e,4506,180.240000000,4096,1080,fixed panoramic tactical camera,tracking,TRACK-G02-02,PENDING,golden_eval
GOLDEN-02-TACTICAL-WIDE:00004507,GOLDEN-02-TACTICAL-WIDE,1cec8e8b8ac0ceff71352821cba1dbf4d83da4a834f82209fba323285ae1731e,4507,180.280000000,4096,1080,fixed panoramic tactical camera,tracking,TRACK-G02-02,PENDING,golden_eval
GOLDEN-02-TACTICAL-WIDE:00004508,GOLDEN-02-TACTICAL-WIDE,1cec8e8b8ac0ceff71352821cba1dbf4d83da4a834f82209fba323285ae1731e,4508,180.320000000,4096,1080,fixed panoramic tactical camera,tracking,TRACK-G02-02,PENDING,golden_eval
GOLDEN-02-TACTICAL-WIDE:00004509,GOLDEN-02-TACTICAL-WIDE,1cec8e8b8ac0ceff71352821cba1dbf4d83da4a834f82209fba323285ae1731e,4509,180.360000000,4096,1080,fixed panoramic tactical camera,tracking,TRACK-G02-02,PENDING,golden_eval
GOLDEN-02-TACTICAL-WIDE:00004510,GOLDEN-02-TACTICAL-WIDE,1cec8e8b8ac0ceff71352821cba1dbf4d83da4a834f82209fba323285ae1731e,4510,180.400000000,4096,1080,fixed panoramic tactical camera,tracking,TRACK-G02-02,PENDING,golden_eval
GOLDEN-02-TACTICAL-WIDE:00004511,GOLDEN-02-TACTICAL-WIDE,1cec8e8b8ac0ceff71352821cba1dbf4d83da4a834f82209fba323285ae1731e,4511,180.440000000,4096,1080,fixed panoramic tactical camera,tracking,TRACK-G02-02,PENDING,golden_eval
GOLDEN-02-TACTICAL-WIDE:00004512,GOLDEN-02-TACTICAL-WIDE,1cec8e8b8ac0ceff71352821cba1dbf4d83da4a834f82209fba323285ae1731e,4512,180.480000000,4096,1080,fixed panoramic tactical camera,tracking,TRACK-G02-02,PENDING,golden_eval
GOLDEN-02-TACTICAL-WIDE:00004513,GOLDEN-02-TACTICAL-WIDE,1cec8e8b8ac0ceff71352821cba1dbf4d83da4a834f82209fba323285ae1731e,4513,180.520000000,4096,1080,fixed panoramic tactical camera,tracking,TRACK-G02-02,PENDING,golden_eval
GOLDEN-02-TACTICAL-WIDE:00004514,GOLDEN-02-TACTICAL-WIDE,1cec8e8b8ac0ceff71352821cba1dbf4d83da4a834f82209fba323285ae1731e,4514,180.560000000,4096,1080,fixed panoramic tactical camera,tracking,TRACK-G02-02,PENDING,golden_eval
GOLDEN-02-TACTICAL-WIDE:00004515,GOLDEN-02-TACTICAL-WIDE,1cec8e8b8ac0ceff71352821cba1dbf4d83da4a834f82209fba323285ae1731e,4515,180.600000000,4096,1080,fixed panoramic tactical camera,tracking,TRACK-G02-02,PENDING,golden_eval
GOLDEN-02-TACTICAL-WIDE:00004516,GOLDEN-02-TACTICAL-WIDE,1cec8e8b8ac0ceff71352821cba1dbf4d83da4a834f82209fba323285ae1731e,4516,180.640000000,4096,1080,fixed panoramic tactical camera,tracking,TRACK-G02-02,PENDING,golden_eval
GOLDEN-02-TACTICAL-WIDE:00004517,GOLDEN-02-TACTICAL-WIDE,1cec8e8b8ac0ceff71352821cba1dbf4d83da4a834f82209fba323285ae1731e,4517,180.680000000,4096,1080,fixed panoramic tactical camera,tracking,TRACK-G02-02,PENDING,golden_eval
GOLDEN-02-TACTICAL-WIDE:00004518,GOLDEN-02-TACTICAL-WIDE,1cec8e8b8ac0ceff71352821cba1dbf4d83da4a834f82209fba323285ae1731e,4518,180.720000000,4096,1080,fixed panoramic tactical camera,tracking,TRACK-G02-02,PENDING,golden_eval
GOLDEN-02-TACTICAL-WIDE:00004519,GOLDEN-02-TACTICAL-WIDE,1cec8e8b8ac0ceff71352821cba1dbf4d83da4a834f82209fba323285ae1731e,4519,180.760000000,4096,1080,fixed panoramic tactical camera,tracking,TRACK-G02-02,PENDING,golden_eval
GOLDEN-02-TACTICAL-WIDE:00004520,GOLDEN-02-TACTICAL-WIDE,1cec8e8b8ac0ceff71352821cba1dbf4d83da4a834f82209fba323285ae1731e,4520,180.800000000,4096,1080,fixed panoramic tactical camera,tracking,TRACK-G02-02,PENDING,golden_eval
GOLDEN-02-TACTICAL-WIDE:00004521,GOLDEN-02-TACTICAL-WIDE,1cec8e8b8ac0ceff71352821cba1dbf4d83da4a834f82209fba323285ae1731e,4521,180.840000000,4096,1080,fixed panoramic tactical camera,tracking,TRACK-G02-02,PENDING,golden_eval
GOLDEN-02-TACTICAL-WIDE:00004522,GOLDEN-02-TACTICAL-WIDE,1cec8e8b8ac0ceff71352821cba1dbf4d83da4a834f82209fba323285ae1731e,4522,180.880000000,4096,1080,fixed panoramic tactical camera,tracking,TRACK-G02-02,PENDING,golden_eval
GOLDEN-02-TACTICAL-WIDE:00004523,GOLDEN-02-TACTICAL-WIDE,1cec8e8b8ac0ceff71352821cba1dbf4d83da4a834f82209fba323285ae1731e,4523,180.920000000,4096,1080,fixed panoramic tactical camera,tracking,TRACK-G02-02,PENDING,golden_eval
GOLDEN-02-TACTICAL-WIDE:00004524,GOLDEN-02-TACTICAL-WIDE,1cec8e8b8ac0ceff71352821cba1dbf4d83da4a834f82209fba323285ae1731e,4524,180.960000000,4096,1080,fixed panoramic tactical camera,tracking,TRACK-G02-02,PENDING,golden_eval
GOLDEN-02-TACTICAL-WIDE:00004525,GOLDEN-02-TACTICAL-WIDE,1cec8e8b8ac0ceff71352821cba1dbf4d83da4a834f82209fba323285ae1731e,4525,181.000000000,4096,1080,fixed panoramic tactical camera,sparse+tracking,TRACK-G02-02,PENDING,golden_eval
GOLDEN-02-TACTICAL-WIDE:00004526,GOLDEN-02-TACTICAL-WIDE,1cec8e8b8ac0ceff71352821cba1dbf4d83da4a834f82209fba323285ae1731e,4526,181.040000000,4096,1080,fixed panoramic tactical camera,tracking,TRACK-G02-02,PENDING,golden_eval
GOLDEN-02-TACTICAL-WIDE:00004527,GOLDEN-02-TACTICAL-WIDE,1cec8e8b8ac0ceff71352821cba1dbf4d83da4a834f82209fba323285ae1731e,4527,181.080000000,4096,1080,fixed panoramic tactical camera,tracking,TRACK-G02-02,PENDING,golden_eval
GOLDEN-02-TACTICAL-WIDE:00004528,GOLDEN-02-TACTICAL-WIDE,1cec8e8b8ac0ceff71352821cba1dbf4d83da4a834f82209fba323285ae1731e,4528,181.120000000,4096,1080,fixed panoramic tactical camera,tracking,TRACK-G02-02,PENDING,golden_eval
GOLDEN-02-TACTICAL-WIDE:00004529,GOLDEN-02-TACTICAL-WIDE,1cec8e8b8ac0ceff71352821cba1dbf4d83da4a834f82209fba323285ae1731e,4529,181.160000000,4096,1080,fixed panoramic tactical camera,tracking,TRACK-G02-02,PENDING,golden_eval
GOLDEN-02-TACTICAL-WIDE:00004530,GOLDEN-02-TACTICAL-WIDE,1cec8e8b8ac0ceff71352821cba1dbf4d83da4a834f82209fba323285ae1731e,4530,181.200000000,4096,1080,fixed panoramic tactical camera,tracking,TRACK-G02-02,PENDING,golden_eval
GOLDEN-02-TACTICAL-WIDE:00004531,GOLDEN-02-TACTICAL-WIDE,1cec8e8b8ac0ceff71352821cba1dbf4d83da4a834f82209fba323285ae1731e,4531,181.240000000,4096,1080,fixed panoramic tactical camera,tracking,TRACK-G02-02,PENDING,golden_eval
GOLDEN-02-TACTICAL-WIDE:00004532,GOLDEN-02-TACTICAL-WIDE,1cec8e8b8ac0ceff71352821cba1dbf4d83da4a834f82209fba323285ae1731e,4532,181.280000000,4096,1080,fixed panoramic tactical camera,tracking,TRACK-G02-02,PENDING,golden_eval
GOLDEN-02-TACTICAL-WIDE:00004533,GOLDEN-02-TACTICAL-WIDE,1cec8e8b8ac0ceff71352821cba1dbf4d83da4a834f82209fba323285ae1731e,4533,181.320000000,4096,1080,fixed panoramic tactical camera,tracking,TRACK-G02-02,PENDING,golden_eval
GOLDEN-02-TACTICAL-WIDE:00004534,GOLDEN-02-TACTICAL-WIDE,1cec8e8b8ac0ceff71352821cba1dbf4d83da4a834f82209fba323285ae1731e,4534,181.360000000,4096,1080,fixed panoramic tactical camera,tracking,TRACK-G02-02,PENDING,golden_eval
GOLDEN-02-TACTICAL-WIDE:00004535,GOLDEN-02-TACTICAL-WIDE,1cec8e8b8ac0ceff71352821cba1dbf4d83da4a834f82209fba323285ae1731e,4535,181.400000000,4096,1080,fixed panoramic tactical camera,tracking,TRACK-G02-02,PENDING,golden_eval
GOLDEN-02-TACTICAL-WIDE:00004536,GOLDEN-02-TACTICAL-WIDE,1cec8e8b8ac0ceff71352821cba1dbf4d83da4a834f82209fba323285ae1731e,4536,181.440000000,4096,1080,fixed panoramic tactical camera,tracking,TRACK-G02-02,PENDING,golden_eval
GOLDEN-02-TACTICAL-WIDE:00004537,GOLDEN-02-TACTICAL-WIDE,1cec8e8b8ac0ceff71352821cba1dbf4d83da4a834f82209fba323285ae1731e,4537,181.480000000,4096,1080,fixed panoramic tactical camera,tracking,TRACK-G02-02,PENDING,golden_eval
GOLDEN-02-TACTICAL-WIDE:00004538,GOLDEN-02-TACTICAL-WIDE,1cec8e8b8ac0ceff71352821cba1dbf4d83da4a834f82209fba323285ae1731e,4538,181.520000000,4096,1080,fixed panoramic tactical camera,tracking,TRACK-G02-02,PENDING,golden_eval
GOLDEN-02-TACTICAL-WIDE:00004539,GOLDEN-02-TACTICAL-WIDE,1cec8e8b8ac0ceff71352821cba1dbf4d83da4a834f82209fba323285ae1731e,4539,181.560000000,4096,1080,fixed panoramic tactical camera,tracking,TRACK-G02-02,PENDING,golden_eval
GOLDEN-02-TACTICAL-WIDE:00004540,GOLDEN-02-TACTICAL-WIDE,1cec8e8b8ac0ceff71352821cba1dbf4d83da4a834f82209fba323285ae1731e,4540,181.600000000,4096,1080,fixed panoramic tactical camera,tracking,TRACK-G02-02,PENDING,golden_eval
GOLDEN-02-TACTICAL-WIDE:00004541,GOLDEN-02-TACTICAL-WIDE,1cec8e8b8ac0ceff71352821cba1dbf4d83da4a834f82209fba323285ae1731e,4541,181.640000000,4096,1080,fixed panoramic tactical camera,tracking,TRACK-G02-02,PENDING,golden_eval
GOLDEN-02-TACTICAL-WIDE:00004542,GOLDEN-02-TACTICAL-WIDE,1cec8e8b8ac0ceff71352821cba1dbf4d83da4a834f82209fba323285ae1731e,4542,181.680000000,4096,1080,fixed panoramic tactical camera,tracking,TRACK-G02-02,PENDING,golden_eval
GOLDEN-02-TACTICAL-WIDE:00004543,GOLDEN-02-TACTICAL-WIDE,1cec8e8b8ac0ceff71352821cba1dbf4d83da4a834f82209fba323285ae1731e,4543,181.720000000,4096,1080,fixed panoramic tactical camera,tracking,TRACK-G02-02,PENDING,golden_eval
GOLDEN-02-TACTICAL-WIDE:00004544,GOLDEN-02-TACTICAL-WIDE,1cec8e8b8ac0ceff71352821cba1dbf4d83da4a834f82209fba323285ae1731e,4544,181.760000000,4096,1080,fixed panoramic tactical camera,tracking,TRACK-G02-02,PENDING,golden_eval
GOLDEN-02-TACTICAL-WIDE:00004545,GOLDEN-02-TACTICAL-WIDE,1cec8e8b8ac0ceff71352821cba1dbf4d83da4a834f82209fba323285ae1731e,4545,181.800000000,4096,1080,fixed panoramic tactical camera,tracking,TRACK-G02-02,PENDING,golden_eval
GOLDEN-02-TACTICAL-WIDE:00004546,GOLDEN-02-TACTICAL-WIDE,1cec8e8b8ac0ceff71352821cba1dbf4d83da4a834f82209fba323285ae1731e,4546,181.840000000,4096,1080,fixed panoramic tactical camera,tracking,TRACK-G02-02,PENDING,golden_eval
GOLDEN-02-TACTICAL-WIDE:00004547,GOLDEN-02-TACTICAL-WIDE,1cec8e8b8ac0ceff71352821cba1dbf4d83da4a834f82209fba323285ae1731e,4547,181.880000000,4096,1080,fixed panoramic tactical camera,tracking,TRACK-G02-02,PENDING,golden_eval
GOLDEN-02-TACTICAL-WIDE:00004548,GOLDEN-02-TACTICAL-WIDE,1cec8e8b8ac0ceff71352821cba1dbf4d83da4a834f82209fba323285ae1731e,4548,181.920000000,4096,1080,fixed panoramic tactical camera,tracking,TRACK-G02-02,PENDING,golden_eval
GOLDEN-02-TACTICAL-WIDE:00004549,GOLDEN-02-TACTICAL-WIDE,1cec8e8b8ac0ceff71352821cba1dbf4d83da4a834f82209fba323285ae1731e,4549,181.960000000,4096,1080,fixed panoramic tactical camera,tracking,TRACK-G02-02,PENDING,golden_eval
GOLDEN-02-TACTICAL-WIDE:00004550,GOLDEN-02-TACTICAL-WIDE,1cec8e8b8ac0ceff71352821cba1dbf4d83da4a834f82209fba323285ae1731e,4550,182.000000000,4096,1080,fixed panoramic tactical camera,sparse,,PENDING,golden_eval
GOLDEN-02-TACTICAL-WIDE:00004575,GOLDEN-02-TACTICAL-WIDE,1cec8e8b8ac0ceff71352821cba1dbf4d83da4a834f82209fba323285ae1731e,4575,183.000000000,4096,1080,fixed panoramic tactical camera,sparse,,PENDING,golden_eval
GOLDEN-02-TACTICAL-WIDE:00004600,GOLDEN-02-TACTICAL-WIDE,1cec8e8b8ac0ceff71352821cba1dbf4d83da4a834f82209fba323285ae1731e,4600,184.000000000,4096,1080,fixed panoramic tactical camera,sparse,,PENDING,golden_eval
GOLDEN-02-TACTICAL-WIDE:00004625,GOLDEN-02-TACTICAL-WIDE,1cec8e8b8ac0ceff71352821cba1dbf4d83da4a834f82209fba323285ae1731e,4625,185.000000000,4096,1080,fixed panoramic tactical camera,sparse,,PENDING,golden_eval
GOLDEN-02-TACTICAL-WIDE:00004650,GOLDEN-02-TACTICAL-WIDE,1cec8e8b8ac0ceff71352821cba1dbf4d83da4a834f82209fba323285ae1731e,4650,186.000000000,4096,1080,fixed panoramic tactical camera,sparse,,PENDING,golden_eval
GOLDEN-02-TACTICAL-WIDE:00004675,GOLDEN-02-TACTICAL-WIDE,1cec8e8b8ac0ceff71352821cba1dbf4d83da4a834f82209fba323285ae1731e,4675,187.000000000,4096,1080,fixed panoramic tactical camera,sparse,,PENDING,golden_eval
GOLDEN-02-TACTICAL-WIDE:00004700,GOLDEN-02-TACTICAL-WIDE,1cec8e8b8ac0ceff71352821cba1dbf4d83da4a834f82209fba323285ae1731e,4700,188.000000000,4096,1080,fixed panoramic tactical camera,sparse,,PENDING,golden_eval
GOLDEN-02-TACTICAL-WIDE:00004725,GOLDEN-02-TACTICAL-WIDE,1cec8e8b8ac0ceff71352821cba1dbf4d83da4a834f82209fba323285ae1731e,4725,189.000000000,4096,1080,fixed panoramic tactical camera,sparse,,PENDING,golden_eval
GOLDEN-02-TACTICAL-WIDE:00004750,GOLDEN-02-TACTICAL-WIDE,1cec8e8b8ac0ceff71352821cba1dbf4d83da4a834f82209fba323285ae1731e,4750,190.000000000,4096,1080,fixed panoramic tactical camera,sparse,,PENDING,golden_eval
GOLDEN-02-TACTICAL-WIDE:00004775,GOLDEN-02-TACTICAL-WIDE,1cec8e8b8ac0ceff71352821cba1dbf4d83da4a834f82209fba323285ae1731e,4775,191.000000000,4096,1080,fixed panoramic tactical camera,sparse,,PENDING,golden_eval
GOLDEN-02-TACTICAL-WIDE:00004800,GOLDEN-02-TACTICAL-WIDE,1cec8e8b8ac0ceff71352821cba1dbf4d83da4a834f82209fba323285ae1731e,4800,192.000000000,4096,1080,fixed panoramic tactical camera,sparse,,PENDING,golden_eval
GOLDEN-02-TACTICAL-WIDE:00004825,GOLDEN-02-TACTICAL-WIDE,1cec8e8b8ac0ceff71352821cba1dbf4d83da4a834f82209fba323285ae1731e,4825,193.000000000,4096,1080,fixed panoramic tactical camera,sparse,,PENDING,golden_eval
GOLDEN-02-TACTICAL-WIDE:00004850,GOLDEN-02-TACTICAL-WIDE,1cec8e8b8ac0ceff71352821cba1dbf4d83da4a834f82209fba323285ae1731e,4850,194.000000000,4096,1080,fixed panoramic tactical camera,sparse,,PENDING,golden_eval
GOLDEN-02-TACTICAL-WIDE:00004875,GOLDEN-02-TACTICAL-WIDE,1cec8e8b8ac0ceff71352821cba1dbf4d83da4a834f82209fba323285ae1731e,4875,195.000000000,4096,1080,fixed panoramic tactical camera,sparse,,PENDING,golden_eval
GOLDEN-02-TACTICAL-WIDE:00004900,GOLDEN-02-TACTICAL-WIDE,1cec8e8b8ac0ceff71352821cba1dbf4d83da4a834f82209fba323285ae1731e,4900,196.000000000,4096,1080,fixed panoramic tactical camera,sparse,,PENDING,golden_eval
GOLDEN-02-TACTICAL-WIDE:00004925,GOLDEN-02-TACTICAL-WIDE,1cec8e8b8ac0ceff71352821cba1dbf4d83da4a834f82209fba323285ae1731e,4925,197.000000000,4096,1080,fixed panoramic tactical camera,sparse,,PENDING,golden_eval
GOLDEN-02-TACTICAL-WIDE:00004950,GOLDEN-02-TACTICAL-WIDE,1cec8e8b8ac0ceff71352821cba1dbf4d83da4a834f82209fba323285ae1731e,4950,198.000000000,4096,1080,fixed panoramic tactical camera,sparse,,PENDING,golden_eval
GOLDEN-02-TACTICAL-WIDE:00004975,GOLDEN-02-TACTICAL-WIDE,1cec8e8b8ac0ceff71352821cba1dbf4d83da4a834f82209fba323285ae1731e,4975,199.000000000,4096,1080,fixed panoramic tactical camera,sparse,,PENDING,golden_eval
GOLDEN-02-TACTICAL-WIDE:00005000,GOLDEN-02-TACTICAL-WIDE,1cec8e8b8ac0ceff71352821cba1dbf4d83da4a834f82209fba323285ae1731e,5000,200.000000000,4096,1080,fixed panoramic tactical camera,sparse,,PENDING,golden_eval
GOLDEN-02-TACTICAL-WIDE:00005025,GOLDEN-02-TACTICAL-WIDE,1cec8e8b8ac0ceff71352821cba1dbf4d83da4a834f82209fba323285ae1731e,5025,201.000000000,4096,1080,fixed panoramic tactical camera,sparse,,PENDING,golden_eval
GOLDEN-02-TACTICAL-WIDE:00005050,GOLDEN-02-TACTICAL-WIDE,1cec8e8b8ac0ceff71352821cba1dbf4d83da4a834f82209fba323285ae1731e,5050,202.000000000,4096,1080,fixed panoramic tactical camera,sparse,,PENDING,golden_eval
GOLDEN-02-TACTICAL-WIDE:00005075,GOLDEN-02-TACTICAL-WIDE,1cec8e8b8ac0ceff71352821cba1dbf4d83da4a834f82209fba323285ae1731e,5075,203.000000000,4096,1080,fixed panoramic tactical camera,sparse,,PENDING,golden_eval
GOLDEN-02-TACTICAL-WIDE:00005100,GOLDEN-02-TACTICAL-WIDE,1cec8e8b8ac0ceff71352821cba1dbf4d83da4a834f82209fba323285ae1731e,5100,204.000000000,4096,1080,fixed panoramic tactical camera,sparse,,PENDING,golden_eval
GOLDEN-02-TACTICAL-WIDE:00005125,GOLDEN-02-TACTICAL-WIDE,1cec8e8b8ac0ceff71352821cba1dbf4d83da4a834f82209fba323285ae1731e,5125,205.000000000,4096,1080,fixed panoramic tactical camera,sparse,,PENDING,golden_eval
GOLDEN-02-TACTICAL-WIDE:00005150,GOLDEN-02-TACTICAL-WIDE,1cec8e8b8ac0ceff71352821cba1dbf4d83da4a834f82209fba323285ae1731e,5150,206.000000000,4096,1080,fixed panoramic tactical camera,sparse,,PENDING,golden_eval
GOLDEN-02-TACTICAL-WIDE:00005175,GOLDEN-02-TACTICAL-WIDE,1cec8e8b8ac0ceff71352821cba1dbf4d83da4a834f82209fba323285ae1731e,5175,207.000000000,4096,1080,fixed panoramic tactical camera,sparse,,PENDING,golden_eval
GOLDEN-02-TACTICAL-WIDE:00005200,GOLDEN-02-TACTICAL-WIDE,1cec8e8b8ac0ceff71352821cba1dbf4d83da4a834f82209fba323285ae1731e,5200,208.000000000,4096,1080,fixed panoramic tactical camera,sparse,,PENDING,golden_eval
GOLDEN-02-TACTICAL-WIDE:00005225,GOLDEN-02-TACTICAL-WIDE,1cec8e8b8ac0ceff71352821cba1dbf4d83da4a834f82209fba323285ae1731e,5225,209.000000000,4096,1080,fixed panoramic tactical camera,sparse,,PENDING,golden_eval
GOLDEN-02-TACTICAL-WIDE:00005250,GOLDEN-02-TACTICAL-WIDE,1cec8e8b8ac0ceff71352821cba1dbf4d83da4a834f82209fba323285ae1731e,5250,210.000000000,4096,1080,fixed panoramic tactical camera,sparse,,PENDING,golden_eval
GOLDEN-02-TACTICAL-WIDE:00005275,GOLDEN-02-TACTICAL-WIDE,1cec8e8b8ac0ceff71352821cba1dbf4d83da4a834f82209fba323285ae1731e,5275,211.000000000,4096,1080,fixed panoramic tactical camera,sparse,,PENDING,golden_eval
GOLDEN-02-TACTICAL-WIDE:00005300,GOLDEN-02-TACTICAL-WIDE,1cec8e8b8ac0ceff71352821cba1dbf4d83da4a834f82209fba323285ae1731e,5300,212.000000000,4096,1080,fixed panoramic tactical camera,sparse,,PENDING,golden_eval
GOLDEN-02-TACTICAL-WIDE:00005325,GOLDEN-02-TACTICAL-WIDE,1cec8e8b8ac0ceff71352821cba1dbf4d83da4a834f82209fba323285ae1731e,5325,213.000000000,4096,1080,fixed panoramic tactical camera,sparse,,PENDING,golden_eval
GOLDEN-02-TACTICAL-WIDE:00005350,GOLDEN-02-TACTICAL-WIDE,1cec8e8b8ac0ceff71352821cba1dbf4d83da4a834f82209fba323285ae1731e,5350,214.000000000,4096,1080,fixed panoramic tactical camera,sparse,,PENDING,golden_eval
GOLDEN-02-TACTICAL-WIDE:00005375,GOLDEN-02-TACTICAL-WIDE,1cec8e8b8ac0ceff71352821cba1dbf4d83da4a834f82209fba323285ae1731e,5375,215.000000000,4096,1080,fixed panoramic tactical camera,sparse,,PENDING,golden_eval
GOLDEN-02-TACTICAL-WIDE:00005400,GOLDEN-02-TACTICAL-WIDE,1cec8e8b8ac0ceff71352821cba1dbf4d83da4a834f82209fba323285ae1731e,5400,216.000000000,4096,1080,fixed panoramic tactical camera,sparse,,PENDING,golden_eval
GOLDEN-02-TACTICAL-WIDE:00005425,GOLDEN-02-TACTICAL-WIDE,1cec8e8b8ac0ceff71352821cba1dbf4d83da4a834f82209fba323285ae1731e,5425,217.000000000,4096,1080,fixed panoramic tactical camera,sparse,,PENDING,golden_eval
GOLDEN-02-TACTICAL-WIDE:00005450,GOLDEN-02-TACTICAL-WIDE,1cec8e8b8ac0ceff71352821cba1dbf4d83da4a834f82209fba323285ae1731e,5450,218.000000000,4096,1080,fixed panoramic tactical camera,sparse,,PENDING,golden_eval
GOLDEN-02-TACTICAL-WIDE:00005475,GOLDEN-02-TACTICAL-WIDE,1cec8e8b8ac0ceff71352821cba1dbf4d83da4a834f82209fba323285ae1731e,5475,219.000000000,4096,1080,fixed panoramic tactical camera,sparse,,PENDING,golden_eval
GOLDEN-02-TACTICAL-WIDE:00005500,GOLDEN-02-TACTICAL-WIDE,1cec8e8b8ac0ceff71352821cba1dbf4d83da4a834f82209fba323285ae1731e,5500,220.000000000,4096,1080,fixed panoramic tactical camera,sparse,,PENDING,golden_eval
GOLDEN-02-TACTICAL-WIDE:00005525,GOLDEN-02-TACTICAL-WIDE,1cec8e8b8ac0ceff71352821cba1dbf4d83da4a834f82209fba323285ae1731e,5525,221.000000000,4096,1080,fixed panoramic tactical camera,sparse,,PENDING,golden_eval
GOLDEN-02-TACTICAL-WIDE:00005550,GOLDEN-02-TACTICAL-WIDE,1cec8e8b8ac0ceff71352821cba1dbf4d83da4a834f82209fba323285ae1731e,5550,222.000000000,4096,1080,fixed panoramic tactical camera,sparse,,PENDING,golden_eval
GOLDEN-02-TACTICAL-WIDE:00005575,GOLDEN-02-TACTICAL-WIDE,1cec8e8b8ac0ceff71352821cba1dbf4d83da4a834f82209fba323285ae1731e,5575,223.000000000,4096,1080,fixed panoramic tactical camera,sparse,,PENDING,golden_eval
GOLDEN-02-TACTICAL-WIDE:00005600,GOLDEN-02-TACTICAL-WIDE,1cec8e8b8ac0ceff71352821cba1dbf4d83da4a834f82209fba323285ae1731e,5600,224.000000000,4096,1080,fixed panoramic tactical camera,sparse,,PENDING,golden_eval
GOLDEN-02-TACTICAL-WIDE:00005625,GOLDEN-02-TACTICAL-WIDE,1cec8e8b8ac0ceff71352821cba1dbf4d83da4a834f82209fba323285ae1731e,5625,225.000000000,4096,1080,fixed panoramic tactical camera,sparse,,PENDING,golden_eval
GOLDEN-02-TACTICAL-WIDE:00005650,GOLDEN-02-TACTICAL-WIDE,1cec8e8b8ac0ceff71352821cba1dbf4d83da4a834f82209fba323285ae1731e,5650,226.000000000,4096,1080,fixed panoramic tactical camera,sparse,,PENDING,golden_eval
GOLDEN-02-TACTICAL-WIDE:00005675,GOLDEN-02-TACTICAL-WIDE,1cec8e8b8ac0ceff71352821cba1dbf4d83da4a834f82209fba323285ae1731e,5675,227.000000000,4096,1080,fixed panoramic tactical camera,sparse,,PENDING,golden_eval
GOLDEN-02-TACTICAL-WIDE:00005700,GOLDEN-02-TACTICAL-WIDE,1cec8e8b8ac0ceff71352821cba1dbf4d83da4a834f82209fba323285ae1731e,5700,228.000000000,4096,1080,fixed panoramic tactical camera,sparse,,PENDING,golden_eval
GOLDEN-02-TACTICAL-WIDE:00005725,GOLDEN-02-TACTICAL-WIDE,1cec8e8b8ac0ceff71352821cba1dbf4d83da4a834f82209fba323285ae1731e,5725,229.000000000,4096,1080,fixed panoramic tactical camera,sparse,,PENDING,golden_eval
GOLDEN-02-TACTICAL-WIDE:00005750,GOLDEN-02-TACTICAL-WIDE,1cec8e8b8ac0ceff71352821cba1dbf4d83da4a834f82209fba323285ae1731e,5750,230.000000000,4096,1080,fixed panoramic tactical camera,sparse,,PENDING,golden_eval
GOLDEN-02-TACTICAL-WIDE:00005775,GOLDEN-02-TACTICAL-WIDE,1cec8e8b8ac0ceff71352821cba1dbf4d83da4a834f82209fba323285ae1731e,5775,231.000000000,4096,1080,fixed panoramic tactical camera,sparse,,PENDING,golden_eval
GOLDEN-02-TACTICAL-WIDE:00005800,GOLDEN-02-TACTICAL-WIDE,1cec8e8b8ac0ceff71352821cba1dbf4d83da4a834f82209fba323285ae1731e,5800,232.000000000,4096,1080,fixed panoramic tactical camera,sparse,,PENDING,golden_eval
GOLDEN-02-TACTICAL-WIDE:00005825,GOLDEN-02-TACTICAL-WIDE,1cec8e8b8ac0ceff71352821cba1dbf4d83da4a834f82209fba323285ae1731e,5825,233.000000000,4096,1080,fixed panoramic tactical camera,sparse,,PENDING,golden_eval
GOLDEN-02-TACTICAL-WIDE:00005850,GOLDEN-02-TACTICAL-WIDE,1cec8e8b8ac0ceff71352821cba1dbf4d83da4a834f82209fba323285ae1731e,5850,234.000000000,4096,1080,fixed panoramic tactical camera,sparse,,PENDING,golden_eval
GOLDEN-02-TACTICAL-WIDE:00005875,GOLDEN-02-TACTICAL-WIDE,1cec8e8b8ac0ceff71352821cba1dbf4d83da4a834f82209fba323285ae1731e,5875,235.000000000,4096,1080,fixed panoramic tactical camera,sparse,,PENDING,golden_eval
GOLDEN-02-TACTICAL-WIDE:00005900,GOLDEN-02-TACTICAL-WIDE,1cec8e8b8ac0ceff71352821cba1dbf4d83da4a834f82209fba323285ae1731e,5900,236.000000000,4096,1080,fixed panoramic tactical camera,sparse,,PENDING,golden_eval
GOLDEN-02-TACTICAL-WIDE:00005925,GOLDEN-02-TACTICAL-WIDE,1cec8e8b8ac0ceff71352821cba1dbf4d83da4a834f82209fba323285ae1731e,5925,237.000000000,4096,1080,fixed panoramic tactical camera,sparse,,PENDING,golden_eval
GOLDEN-02-TACTICAL-WIDE:00005950,GOLDEN-02-TACTICAL-WIDE,1cec8e8b8ac0ceff71352821cba1dbf4d83da4a834f82209fba323285ae1731e,5950,238.000000000,4096,1080,fixed panoramic tactical camera,sparse,,PENDING,golden_eval
GOLDEN-02-TACTICAL-WIDE:00005975,GOLDEN-02-TACTICAL-WIDE,1cec8e8b8ac0ceff71352821cba1dbf4d83da4a834f82209fba323285ae1731e,5975,239.000000000,4096,1080,fixed panoramic tactical camera,sparse,,PENDING,golden_eval
GOLDEN-03-DIFFICULT:00000000,GOLDEN-03-DIFFICULT,804876b65364612e56ee9ca078023e9ce5c473cea9887b67d44fac5f07ad14e9,0,0.000000000,1280,720,difficult handheld stadium camera,sparse,,PENDING,golden_eval
GOLDEN-03-DIFFICULT:00000008,GOLDEN-03-DIFFICULT,804876b65364612e56ee9ca078023e9ce5c473cea9887b67d44fac5f07ad14e9,8,0.275862069,1280,720,difficult handheld stadium camera,sparse,,PENDING,golden_eval
GOLDEN-03-DIFFICULT:00000016,GOLDEN-03-DIFFICULT,804876b65364612e56ee9ca078023e9ce5c473cea9887b67d44fac5f07ad14e9,16,0.551724138,1280,720,difficult handheld stadium camera,sparse,,PENDING,golden_eval
GOLDEN-03-DIFFICULT:00000024,GOLDEN-03-DIFFICULT,804876b65364612e56ee9ca078023e9ce5c473cea9887b67d44fac5f07ad14e9,24,0.827586207,1280,720,difficult handheld stadium camera,sparse,,PENDING,golden_eval
GOLDEN-03-DIFFICULT:00000032,GOLDEN-03-DIFFICULT,804876b65364612e56ee9ca078023e9ce5c473cea9887b67d44fac5f07ad14e9,32,1.103448276,1280,720,difficult handheld stadium camera,sparse,,PENDING,golden_eval
GOLDEN-03-DIFFICULT:00000040,GOLDEN-03-DIFFICULT,804876b65364612e56ee9ca078023e9ce5c473cea9887b67d44fac5f07ad14e9,40,1.379310345,1280,720,difficult handheld stadium camera,sparse,,PENDING,golden_eval
GOLDEN-03-DIFFICULT:00000048,GOLDEN-03-DIFFICULT,804876b65364612e56ee9ca078023e9ce5c473cea9887b67d44fac5f07ad14e9,48,1.655172414,1280,720,difficult handheld stadium camera,sparse,,PENDING,golden_eval
GOLDEN-03-DIFFICULT:00000056,GOLDEN-03-DIFFICULT,804876b65364612e56ee9ca078023e9ce5c473cea9887b67d44fac5f07ad14e9,56,1.931034483,1280,720,difficult handheld stadium camera,sparse,,PENDING,golden_eval
GOLDEN-03-DIFFICULT:00000064,GOLDEN-03-DIFFICULT,804876b65364612e56ee9ca078023e9ce5c473cea9887b67d44fac5f07ad14e9,64,2.206896552,1280,720,difficult handheld stadium camera,sparse,,PENDING,golden_eval
GOLDEN-03-DIFFICULT:00000072,GOLDEN-03-DIFFICULT,804876b65364612e56ee9ca078023e9ce5c473cea9887b67d44fac5f07ad14e9,72,2.482758621,1280,720,difficult handheld stadium camera,sparse,,PENDING,golden_eval
GOLDEN-03-DIFFICULT:00000080,GOLDEN-03-DIFFICULT,804876b65364612e56ee9ca078023e9ce5c473cea9887b67d44fac5f07ad14e9,80,2.758620690,1280,720,difficult handheld stadium camera,sparse,,PENDING,golden_eval
GOLDEN-03-DIFFICULT:00000088,GOLDEN-03-DIFFICULT,804876b65364612e56ee9ca078023e9ce5c473cea9887b67d44fac5f07ad14e9,88,3.034482759,1280,720,difficult handheld stadium camera,sparse,,PENDING,golden_eval
GOLDEN-03-DIFFICULT:00000096,GOLDEN-03-DIFFICULT,804876b65364612e56ee9ca078023e9ce5c473cea9887b67d44fac5f07ad14e9,96,3.310344828,1280,720,difficult handheld stadium camera,sparse,,PENDING,golden_eval
GOLDEN-03-DIFFICULT:00000104,GOLDEN-03-DIFFICULT,804876b65364612e56ee9ca078023e9ce5c473cea9887b67d44fac5f07ad14e9,104,3.586206897,1280,720,difficult handheld stadium camera,sparse,,PENDING,golden_eval
GOLDEN-03-DIFFICULT:00000112,GOLDEN-03-DIFFICULT,804876b65364612e56ee9ca078023e9ce5c473cea9887b67d44fac5f07ad14e9,112,3.862068966,1280,720,difficult handheld stadium camera,sparse,,PENDING,golden_eval
GOLDEN-03-DIFFICULT:00000120,GOLDEN-03-DIFFICULT,804876b65364612e56ee9ca078023e9ce5c473cea9887b67d44fac5f07ad14e9,120,4.137931034,1280,720,difficult handheld stadium camera,sparse,,PENDING,golden_eval
GOLDEN-03-DIFFICULT:00000128,GOLDEN-03-DIFFICULT,804876b65364612e56ee9ca078023e9ce5c473cea9887b67d44fac5f07ad14e9,128,4.413793103,1280,720,difficult handheld stadium camera,sparse,,PENDING,golden_eval
GOLDEN-03-DIFFICULT:00000136,GOLDEN-03-DIFFICULT,804876b65364612e56ee9ca078023e9ce5c473cea9887b67d44fac5f07ad14e9,136,4.689655172,1280,720,difficult handheld stadium camera,sparse,,PENDING,golden_eval
GOLDEN-03-DIFFICULT:00000144,GOLDEN-03-DIFFICULT,804876b65364612e56ee9ca078023e9ce5c473cea9887b67d44fac5f07ad14e9,144,4.965517241,1280,720,difficult handheld stadium camera,sparse,,PENDING,golden_eval
GOLDEN-03-DIFFICULT:00000152,GOLDEN-03-DIFFICULT,804876b65364612e56ee9ca078023e9ce5c473cea9887b67d44fac5f07ad14e9,152,5.241379310,1280,720,difficult handheld stadium camera,sparse,,PENDING,golden_eval
GOLDEN-03-DIFFICULT:00000160,GOLDEN-03-DIFFICULT,804876b65364612e56ee9ca078023e9ce5c473cea9887b67d44fac5f07ad14e9,160,5.517241379,1280,720,difficult handheld stadium camera,sparse,,PENDING,golden_eval
GOLDEN-03-DIFFICULT:00000168,GOLDEN-03-DIFFICULT,804876b65364612e56ee9ca078023e9ce5c473cea9887b67d44fac5f07ad14e9,168,5.793103448,1280,720,difficult handheld stadium camera,sparse,,PENDING,golden_eval
GOLDEN-03-DIFFICULT:00000176,GOLDEN-03-DIFFICULT,804876b65364612e56ee9ca078023e9ce5c473cea9887b67d44fac5f07ad14e9,176,6.068965517,1280,720,difficult handheld stadium camera,sparse,,PENDING,golden_eval
GOLDEN-03-DIFFICULT:00000184,GOLDEN-03-DIFFICULT,804876b65364612e56ee9ca078023e9ce5c473cea9887b67d44fac5f07ad14e9,184,6.344827586,1280,720,difficult handheld stadium camera,sparse,,PENDING,golden_eval
GOLDEN-03-DIFFICULT:00000192,GOLDEN-03-DIFFICULT,804876b65364612e56ee9ca078023e9ce5c473cea9887b67d44fac5f07ad14e9,192,6.620689655,1280,720,difficult handheld stadium camera,sparse,,PENDING,golden_eval
GOLDEN-03-DIFFICULT:00000200,GOLDEN-03-DIFFICULT,804876b65364612e56ee9ca078023e9ce5c473cea9887b67d44fac5f07ad14e9,200,6.896551724,1280,720,difficult handheld stadium camera,sparse,,PENDING,golden_eval
GOLDEN-03-DIFFICULT:00000208,GOLDEN-03-DIFFICULT,804876b65364612e56ee9ca078023e9ce5c473cea9887b67d44fac5f07ad14e9,208,7.172413793,1280,720,difficult handheld stadium camera,sparse,,PENDING,golden_eval
GOLDEN-03-DIFFICULT:00000216,GOLDEN-03-DIFFICULT,804876b65364612e56ee9ca078023e9ce5c473cea9887b67d44fac5f07ad14e9,216,7.448275862,1280,720,difficult handheld stadium camera,sparse,,PENDING,golden_eval
GOLDEN-03-DIFFICULT:00000224,GOLDEN-03-DIFFICULT,804876b65364612e56ee9ca078023e9ce5c473cea9887b67d44fac5f07ad14e9,224,7.724137931,1280,720,difficult handheld stadium camera,sparse,,PENDING,golden_eval
GOLDEN-03-DIFFICULT:00000232,GOLDEN-03-DIFFICULT,804876b65364612e56ee9ca078023e9ce5c473cea9887b67d44fac5f07ad14e9,232,8.000000000,1280,720,difficult handheld stadium camera,sparse,,PENDING,golden_eval
GOLDEN-03-DIFFICULT:00000240,GOLDEN-03-DIFFICULT,804876b65364612e56ee9ca078023e9ce5c473cea9887b67d44fac5f07ad14e9,240,8.275862069,1280,720,difficult handheld stadium camera,sparse,,PENDING,golden_eval
GOLDEN-03-DIFFICULT:00000248,GOLDEN-03-DIFFICULT,804876b65364612e56ee9ca078023e9ce5c473cea9887b67d44fac5f07ad14e9,248,8.551724138,1280,720,difficult handheld stadium camera,sparse,,PENDING,golden_eval
GOLDEN-03-DIFFICULT:00000256,GOLDEN-03-DIFFICULT,804876b65364612e56ee9ca078023e9ce5c473cea9887b67d44fac5f07ad14e9,256,8.827586207,1280,720,difficult handheld stadium camera,sparse,,PENDING,golden_eval
GOLDEN-03-DIFFICULT:00000264,GOLDEN-03-DIFFICULT,804876b65364612e56ee9ca078023e9ce5c473cea9887b67d44fac5f07ad14e9,264,9.103448276,1280,720,difficult handheld stadium camera,sparse,,PENDING,golden_eval
GOLDEN-03-DIFFICULT:00000272,GOLDEN-03-DIFFICULT,804876b65364612e56ee9ca078023e9ce5c473cea9887b67d44fac5f07ad14e9,272,9.379310345,1280,720,difficult handheld stadium camera,sparse,,PENDING,golden_eval
GOLDEN-03-DIFFICULT:00000280,GOLDEN-03-DIFFICULT,804876b65364612e56ee9ca078023e9ce5c473cea9887b67d44fac5f07ad14e9,280,9.655172414,1280,720,difficult handheld stadium camera,sparse,,PENDING,golden_eval
GOLDEN-03-DIFFICULT:00000288,GOLDEN-03-DIFFICULT,804876b65364612e56ee9ca078023e9ce5c473cea9887b67d44fac5f07ad14e9,288,9.931034483,1280,720,difficult handheld stadium camera,sparse,,PENDING,golden_eval
GOLDEN-03-DIFFICULT:00000296,GOLDEN-03-DIFFICULT,804876b65364612e56ee9ca078023e9ce5c473cea9887b67d44fac5f07ad14e9,296,10.206896552,1280,720,difficult handheld stadium camera,sparse,,PENDING,golden_eval
GOLDEN-03-DIFFICULT:00000304,GOLDEN-03-DIFFICULT,804876b65364612e56ee9ca078023e9ce5c473cea9887b67d44fac5f07ad14e9,304,10.482758621,1280,720,difficult handheld stadium camera,sparse,,PENDING,golden_eval
GOLDEN-03-DIFFICULT:00000312,GOLDEN-03-DIFFICULT,804876b65364612e56ee9ca078023e9ce5c473cea9887b67d44fac5f07ad14e9,312,10.758620690,1280,720,difficult handheld stadium camera,sparse,,PENDING,golden_eval
GOLDEN-03-DIFFICULT:00000320,GOLDEN-03-DIFFICULT,804876b65364612e56ee9ca078023e9ce5c473cea9887b67d44fac5f07ad14e9,320,11.034482759,1280,720,difficult handheld stadium camera,sparse,,PENDING,golden_eval
GOLDEN-03-DIFFICULT:00000328,GOLDEN-03-DIFFICULT,804876b65364612e56ee9ca078023e9ce5c473cea9887b67d44fac5f07ad14e9,328,11.310344828,1280,720,difficult handheld stadium camera,sparse,,PENDING,golden_eval
GOLDEN-03-DIFFICULT:00000336,GOLDEN-03-DIFFICULT,804876b65364612e56ee9ca078023e9ce5c473cea9887b67d44fac5f07ad14e9,336,11.586206897,1280,720,difficult handheld stadium camera,sparse,,PENDING,golden_eval
GOLDEN-03-DIFFICULT:00000344,GOLDEN-03-DIFFICULT,804876b65364612e56ee9ca078023e9ce5c473cea9887b67d44fac5f07ad14e9,344,11.862068966,1280,720,difficult handheld stadium camera,sparse,,PENDING,golden_eval
GOLDEN-03-DIFFICULT:00000352,GOLDEN-03-DIFFICULT,804876b65364612e56ee9ca078023e9ce5c473cea9887b67d44fac5f07ad14e9,352,12.137931034,1280,720,difficult handheld stadium camera,sparse,,PENDING,golden_eval
GOLDEN-03-DIFFICULT:00000360,GOLDEN-03-DIFFICULT,804876b65364612e56ee9ca078023e9ce5c473cea9887b67d44fac5f07ad14e9,360,12.413793103,1280,720,difficult handheld stadium camera,sparse,,PENDING,golden_eval
GOLDEN-03-DIFFICULT:00000368,GOLDEN-03-DIFFICULT,804876b65364612e56ee9ca078023e9ce5c473cea9887b67d44fac5f07ad14e9,368,12.689655172,1280,720,difficult handheld stadium camera,sparse,,PENDING,golden_eval
GOLDEN-03-DIFFICULT:00000376,GOLDEN-03-DIFFICULT,804876b65364612e56ee9ca078023e9ce5c473cea9887b67d44fac5f07ad14e9,376,12.965517241,1280,720,difficult handheld stadium camera,sparse,,PENDING,golden_eval
GOLDEN-03-DIFFICULT:00000384,GOLDEN-03-DIFFICULT,804876b65364612e56ee9ca078023e9ce5c473cea9887b67d44fac5f07ad14e9,384,13.241379310,1280,720,difficult handheld stadium camera,sparse,,PENDING,golden_eval
GOLDEN-03-DIFFICULT:00000392,GOLDEN-03-DIFFICULT,804876b65364612e56ee9ca078023e9ce5c473cea9887b67d44fac5f07ad14e9,392,13.517241379,1280,720,difficult handheld stadium camera,sparse,,PENDING,golden_eval
GOLDEN-03-DIFFICULT:00000400,GOLDEN-03-DIFFICULT,804876b65364612e56ee9ca078023e9ce5c473cea9887b67d44fac5f07ad14e9,400,13.793103448,1280,720,difficult handheld stadium camera,sparse,,PENDING,golden_eval
GOLDEN-03-DIFFICULT:00000406,GOLDEN-03-DIFFICULT,804876b65364612e56ee9ca078023e9ce5c473cea9887b67d44fac5f07ad14e9,406,14.000000000,1280,720,difficult handheld stadium camera,tracking,TRACK-G03-01,PENDING,golden_eval
GOLDEN-03-DIFFICULT:00000407,GOLDEN-03-DIFFICULT,804876b65364612e56ee9ca078023e9ce5c473cea9887b67d44fac5f07ad14e9,407,14.034482759,1280,720,difficult handheld stadium camera,tracking,TRACK-G03-01,PENDING,golden_eval
GOLDEN-03-DIFFICULT:00000408,GOLDEN-03-DIFFICULT,804876b65364612e56ee9ca078023e9ce5c473cea9887b67d44fac5f07ad14e9,408,14.068965517,1280,720,difficult handheld stadium camera,sparse+tracking,TRACK-G03-01,PENDING,golden_eval
GOLDEN-03-DIFFICULT:00000409,GOLDEN-03-DIFFICULT,804876b65364612e56ee9ca078023e9ce5c473cea9887b67d44fac5f07ad14e9,409,14.103448276,1280,720,difficult handheld stadium camera,tracking,TRACK-G03-01,PENDING,golden_eval
GOLDEN-03-DIFFICULT:00000410,GOLDEN-03-DIFFICULT,804876b65364612e56ee9ca078023e9ce5c473cea9887b67d44fac5f07ad14e9,410,14.137931034,1280,720,difficult handheld stadium camera,tracking,TRACK-G03-01,PENDING,golden_eval
GOLDEN-03-DIFFICULT:00000411,GOLDEN-03-DIFFICULT,804876b65364612e56ee9ca078023e9ce5c473cea9887b67d44fac5f07ad14e9,411,14.172413793,1280,720,difficult handheld stadium camera,tracking,TRACK-G03-01,PENDING,golden_eval
GOLDEN-03-DIFFICULT:00000412,GOLDEN-03-DIFFICULT,804876b65364612e56ee9ca078023e9ce5c473cea9887b67d44fac5f07ad14e9,412,14.206896552,1280,720,difficult handheld stadium camera,tracking,TRACK-G03-01,PENDING,golden_eval
GOLDEN-03-DIFFICULT:00000413,GOLDEN-03-DIFFICULT,804876b65364612e56ee9ca078023e9ce5c473cea9887b67d44fac5f07ad14e9,413,14.241379310,1280,720,difficult handheld stadium camera,tracking,TRACK-G03-01,PENDING,golden_eval
GOLDEN-03-DIFFICULT:00000414,GOLDEN-03-DIFFICULT,804876b65364612e56ee9ca078023e9ce5c473cea9887b67d44fac5f07ad14e9,414,14.275862069,1280,720,difficult handheld stadium camera,tracking,TRACK-G03-01,PENDING,golden_eval
GOLDEN-03-DIFFICULT:00000415,GOLDEN-03-DIFFICULT,804876b65364612e56ee9ca078023e9ce5c473cea9887b67d44fac5f07ad14e9,415,14.310344828,1280,720,difficult handheld stadium camera,tracking,TRACK-G03-01,PENDING,golden_eval
GOLDEN-03-DIFFICULT:00000416,GOLDEN-03-DIFFICULT,804876b65364612e56ee9ca078023e9ce5c473cea9887b67d44fac5f07ad14e9,416,14.344827586,1280,720,difficult handheld stadium camera,sparse+tracking,TRACK-G03-01,PENDING,golden_eval
GOLDEN-03-DIFFICULT:00000417,GOLDEN-03-DIFFICULT,804876b65364612e56ee9ca078023e9ce5c473cea9887b67d44fac5f07ad14e9,417,14.379310345,1280,720,difficult handheld stadium camera,tracking,TRACK-G03-01,PENDING,golden_eval
GOLDEN-03-DIFFICULT:00000418,GOLDEN-03-DIFFICULT,804876b65364612e56ee9ca078023e9ce5c473cea9887b67d44fac5f07ad14e9,418,14.413793103,1280,720,difficult handheld stadium camera,tracking,TRACK-G03-01,PENDING,golden_eval
GOLDEN-03-DIFFICULT:00000419,GOLDEN-03-DIFFICULT,804876b65364612e56ee9ca078023e9ce5c473cea9887b67d44fac5f07ad14e9,419,14.448275862,1280,720,difficult handheld stadium camera,tracking,TRACK-G03-01,PENDING,golden_eval
GOLDEN-03-DIFFICULT:00000420,GOLDEN-03-DIFFICULT,804876b65364612e56ee9ca078023e9ce5c473cea9887b67d44fac5f07ad14e9,420,14.482758621,1280,720,difficult handheld stadium camera,tracking,TRACK-G03-01,PENDING,golden_eval
GOLDEN-03-DIFFICULT:00000421,GOLDEN-03-DIFFICULT,804876b65364612e56ee9ca078023e9ce5c473cea9887b67d44fac5f07ad14e9,421,14.517241379,1280,720,difficult handheld stadium camera,tracking,TRACK-G03-01,PENDING,golden_eval
GOLDEN-03-DIFFICULT:00000422,GOLDEN-03-DIFFICULT,804876b65364612e56ee9ca078023e9ce5c473cea9887b67d44fac5f07ad14e9,422,14.551724138,1280,720,difficult handheld stadium camera,tracking,TRACK-G03-01,PENDING,golden_eval
GOLDEN-03-DIFFICULT:00000423,GOLDEN-03-DIFFICULT,804876b65364612e56ee9ca078023e9ce5c473cea9887b67d44fac5f07ad14e9,423,14.586206897,1280,720,difficult handheld stadium camera,tracking,TRACK-G03-01,PENDING,golden_eval
GOLDEN-03-DIFFICULT:00000424,GOLDEN-03-DIFFICULT,804876b65364612e56ee9ca078023e9ce5c473cea9887b67d44fac5f07ad14e9,424,14.620689655,1280,720,difficult handheld stadium camera,sparse+tracking,TRACK-G03-01,PENDING,golden_eval
GOLDEN-03-DIFFICULT:00000425,GOLDEN-03-DIFFICULT,804876b65364612e56ee9ca078023e9ce5c473cea9887b67d44fac5f07ad14e9,425,14.655172414,1280,720,difficult handheld stadium camera,tracking,TRACK-G03-01,PENDING,golden_eval
GOLDEN-03-DIFFICULT:00000426,GOLDEN-03-DIFFICULT,804876b65364612e56ee9ca078023e9ce5c473cea9887b67d44fac5f07ad14e9,426,14.689655172,1280,720,difficult handheld stadium camera,tracking,TRACK-G03-01,PENDING,golden_eval
GOLDEN-03-DIFFICULT:00000427,GOLDEN-03-DIFFICULT,804876b65364612e56ee9ca078023e9ce5c473cea9887b67d44fac5f07ad14e9,427,14.724137931,1280,720,difficult handheld stadium camera,tracking,TRACK-G03-01,PENDING,golden_eval
GOLDEN-03-DIFFICULT:00000428,GOLDEN-03-DIFFICULT,804876b65364612e56ee9ca078023e9ce5c473cea9887b67d44fac5f07ad14e9,428,14.758620690,1280,720,difficult handheld stadium camera,tracking,TRACK-G03-01,PENDING,golden_eval
GOLDEN-03-DIFFICULT:00000429,GOLDEN-03-DIFFICULT,804876b65364612e56ee9ca078023e9ce5c473cea9887b67d44fac5f07ad14e9,429,14.793103448,1280,720,difficult handheld stadium camera,tracking,TRACK-G03-01,PENDING,golden_eval
GOLDEN-03-DIFFICULT:00000430,GOLDEN-03-DIFFICULT,804876b65364612e56ee9ca078023e9ce5c473cea9887b67d44fac5f07ad14e9,430,14.827586207,1280,720,difficult handheld stadium camera,tracking,TRACK-G03-01,PENDING,golden_eval
GOLDEN-03-DIFFICULT:00000431,GOLDEN-03-DIFFICULT,804876b65364612e56ee9ca078023e9ce5c473cea9887b67d44fac5f07ad14e9,431,14.862068966,1280,720,difficult handheld stadium camera,tracking,TRACK-G03-01,PENDING,golden_eval
GOLDEN-03-DIFFICULT:00000432,GOLDEN-03-DIFFICULT,804876b65364612e56ee9ca078023e9ce5c473cea9887b67d44fac5f07ad14e9,432,14.896551724,1280,720,difficult handheld stadium camera,sparse+tracking,TRACK-G03-01,PENDING,golden_eval
GOLDEN-03-DIFFICULT:00000433,GOLDEN-03-DIFFICULT,804876b65364612e56ee9ca078023e9ce5c473cea9887b67d44fac5f07ad14e9,433,14.931034483,1280,720,difficult handheld stadium camera,tracking,TRACK-G03-01,PENDING,golden_eval
GOLDEN-03-DIFFICULT:00000434,GOLDEN-03-DIFFICULT,804876b65364612e56ee9ca078023e9ce5c473cea9887b67d44fac5f07ad14e9,434,14.965517241,1280,720,difficult handheld stadium camera,tracking,TRACK-G03-01,PENDING,golden_eval
GOLDEN-03-DIFFICULT:00000435,GOLDEN-03-DIFFICULT,804876b65364612e56ee9ca078023e9ce5c473cea9887b67d44fac5f07ad14e9,435,15.000000000,1280,720,difficult handheld stadium camera,tracking,TRACK-G03-01,PENDING,golden_eval
GOLDEN-03-DIFFICULT:00000436,GOLDEN-03-DIFFICULT,804876b65364612e56ee9ca078023e9ce5c473cea9887b67d44fac5f07ad14e9,436,15.034482759,1280,720,difficult handheld stadium camera,tracking,TRACK-G03-01,PENDING,golden_eval
GOLDEN-03-DIFFICULT:00000437,GOLDEN-03-DIFFICULT,804876b65364612e56ee9ca078023e9ce5c473cea9887b67d44fac5f07ad14e9,437,15.068965517,1280,720,difficult handheld stadium camera,tracking,TRACK-G03-01,PENDING,golden_eval
GOLDEN-03-DIFFICULT:00000438,GOLDEN-03-DIFFICULT,804876b65364612e56ee9ca078023e9ce5c473cea9887b67d44fac5f07ad14e9,438,15.103448276,1280,720,difficult handheld stadium camera,tracking,TRACK-G03-01,PENDING,golden_eval
GOLDEN-03-DIFFICULT:00000439,GOLDEN-03-DIFFICULT,804876b65364612e56ee9ca078023e9ce5c473cea9887b67d44fac5f07ad14e9,439,15.137931034,1280,720,difficult handheld stadium camera,tracking,TRACK-G03-01,PENDING,golden_eval
GOLDEN-03-DIFFICULT:00000440,GOLDEN-03-DIFFICULT,804876b65364612e56ee9ca078023e9ce5c473cea9887b67d44fac5f07ad14e9,440,15.172413793,1280,720,difficult handheld stadium camera,sparse+tracking,TRACK-G03-01,PENDING,golden_eval
GOLDEN-03-DIFFICULT:00000441,GOLDEN-03-DIFFICULT,804876b65364612e56ee9ca078023e9ce5c473cea9887b67d44fac5f07ad14e9,441,15.206896552,1280,720,difficult handheld stadium camera,tracking,TRACK-G03-01,PENDING,golden_eval
GOLDEN-03-DIFFICULT:00000442,GOLDEN-03-DIFFICULT,804876b65364612e56ee9ca078023e9ce5c473cea9887b67d44fac5f07ad14e9,442,15.241379310,1280,720,difficult handheld stadium camera,tracking,TRACK-G03-01,PENDING,golden_eval
GOLDEN-03-DIFFICULT:00000443,GOLDEN-03-DIFFICULT,804876b65364612e56ee9ca078023e9ce5c473cea9887b67d44fac5f07ad14e9,443,15.275862069,1280,720,difficult handheld stadium camera,tracking,TRACK-G03-01,PENDING,golden_eval
GOLDEN-03-DIFFICULT:00000444,GOLDEN-03-DIFFICULT,804876b65364612e56ee9ca078023e9ce5c473cea9887b67d44fac5f07ad14e9,444,15.310344828,1280,720,difficult handheld stadium camera,tracking,TRACK-G03-01,PENDING,golden_eval
GOLDEN-03-DIFFICULT:00000445,GOLDEN-03-DIFFICULT,804876b65364612e56ee9ca078023e9ce5c473cea9887b67d44fac5f07ad14e9,445,15.344827586,1280,720,difficult handheld stadium camera,tracking,TRACK-G03-01,PENDING,golden_eval
GOLDEN-03-DIFFICULT:00000446,GOLDEN-03-DIFFICULT,804876b65364612e56ee9ca078023e9ce5c473cea9887b67d44fac5f07ad14e9,446,15.379310345,1280,720,difficult handheld stadium camera,tracking,TRACK-G03-01,PENDING,golden_eval
GOLDEN-03-DIFFICULT:00000447,GOLDEN-03-DIFFICULT,804876b65364612e56ee9ca078023e9ce5c473cea9887b67d44fac5f07ad14e9,447,15.413793103,1280,720,difficult handheld stadium camera,tracking,TRACK-G03-01,PENDING,golden_eval
GOLDEN-03-DIFFICULT:00000448,GOLDEN-03-DIFFICULT,804876b65364612e56ee9ca078023e9ce5c473cea9887b67d44fac5f07ad14e9,448,15.448275862,1280,720,difficult handheld stadium camera,sparse+tracking,TRACK-G03-01,PENDING,golden_eval
GOLDEN-03-DIFFICULT:00000449,GOLDEN-03-DIFFICULT,804876b65364612e56ee9ca078023e9ce5c473cea9887b67d44fac5f07ad14e9,449,15.482758621,1280,720,difficult handheld stadium camera,tracking,TRACK-G03-01,PENDING,golden_eval
GOLDEN-03-DIFFICULT:00000450,GOLDEN-03-DIFFICULT,804876b65364612e56ee9ca078023e9ce5c473cea9887b67d44fac5f07ad14e9,450,15.517241379,1280,720,difficult handheld stadium camera,tracking,TRACK-G03-01,PENDING,golden_eval
GOLDEN-03-DIFFICULT:00000451,GOLDEN-03-DIFFICULT,804876b65364612e56ee9ca078023e9ce5c473cea9887b67d44fac5f07ad14e9,451,15.551724138,1280,720,difficult handheld stadium camera,tracking,TRACK-G03-01,PENDING,golden_eval
GOLDEN-03-DIFFICULT:00000452,GOLDEN-03-DIFFICULT,804876b65364612e56ee9ca078023e9ce5c473cea9887b67d44fac5f07ad14e9,452,15.586206897,1280,720,difficult handheld stadium camera,tracking,TRACK-G03-01,PENDING,golden_eval
GOLDEN-03-DIFFICULT:00000453,GOLDEN-03-DIFFICULT,804876b65364612e56ee9ca078023e9ce5c473cea9887b67d44fac5f07ad14e9,453,15.620689655,1280,720,difficult handheld stadium camera,tracking,TRACK-G03-01,PENDING,golden_eval
GOLDEN-03-DIFFICULT:00000454,GOLDEN-03-DIFFICULT,804876b65364612e56ee9ca078023e9ce5c473cea9887b67d44fac5f07ad14e9,454,15.655172414,1280,720,difficult handheld stadium camera,tracking,TRACK-G03-01,PENDING,golden_eval
GOLDEN-03-DIFFICULT:00000455,GOLDEN-03-DIFFICULT,804876b65364612e56ee9ca078023e9ce5c473cea9887b67d44fac5f07ad14e9,455,15.689655172,1280,720,difficult handheld stadium camera,tracking,TRACK-G03-01,PENDING,golden_eval
GOLDEN-03-DIFFICULT:00000456,GOLDEN-03-DIFFICULT,804876b65364612e56ee9ca078023e9ce5c473cea9887b67d44fac5f07ad14e9,456,15.724137931,1280,720,difficult handheld stadium camera,sparse+tracking,TRACK-G03-01,PENDING,golden_eval
GOLDEN-03-DIFFICULT:00000457,GOLDEN-03-DIFFICULT,804876b65364612e56ee9ca078023e9ce5c473cea9887b67d44fac5f07ad14e9,457,15.758620690,1280,720,difficult handheld stadium camera,tracking,TRACK-G03-01,PENDING,golden_eval
GOLDEN-03-DIFFICULT:00000458,GOLDEN-03-DIFFICULT,804876b65364612e56ee9ca078023e9ce5c473cea9887b67d44fac5f07ad14e9,458,15.793103448,1280,720,difficult handheld stadium camera,tracking,TRACK-G03-01,PENDING,golden_eval
GOLDEN-03-DIFFICULT:00000459,GOLDEN-03-DIFFICULT,804876b65364612e56ee9ca078023e9ce5c473cea9887b67d44fac5f07ad14e9,459,15.827586207,1280,720,difficult handheld stadium camera,tracking,TRACK-G03-01,PENDING,golden_eval
GOLDEN-03-DIFFICULT:00000460,GOLDEN-03-DIFFICULT,804876b65364612e56ee9ca078023e9ce5c473cea9887b67d44fac5f07ad14e9,460,15.862068966,1280,720,difficult handheld stadium camera,tracking,TRACK-G03-01,PENDING,golden_eval
GOLDEN-03-DIFFICULT:00000461,GOLDEN-03-DIFFICULT,804876b65364612e56ee9ca078023e9ce5c473cea9887b67d44fac5f07ad14e9,461,15.896551724,1280,720,difficult handheld stadium camera,tracking,TRACK-G03-01,PENDING,golden_eval
GOLDEN-03-DIFFICULT:00000462,GOLDEN-03-DIFFICULT,804876b65364612e56ee9ca078023e9ce5c473cea9887b67d44fac5f07ad14e9,462,15.931034483,1280,720,difficult handheld stadium camera,tracking,TRACK-G03-01,PENDING,golden_eval
GOLDEN-03-DIFFICULT:00000463,GOLDEN-03-DIFFICULT,804876b65364612e56ee9ca078023e9ce5c473cea9887b67d44fac5f07ad14e9,463,15.965517241,1280,720,difficult handheld stadium camera,tracking,TRACK-G03-01,PENDING,golden_eval
GOLDEN-03-DIFFICULT:00000464,GOLDEN-03-DIFFICULT,804876b65364612e56ee9ca078023e9ce5c473cea9887b67d44fac5f07ad14e9,464,16.000000000,1280,720,difficult handheld stadium camera,sparse,,PENDING,golden_eval
GOLDEN-03-DIFFICULT:00000472,GOLDEN-03-DIFFICULT,804876b65364612e56ee9ca078023e9ce5c473cea9887b67d44fac5f07ad14e9,472,16.275862069,1280,720,difficult handheld stadium camera,sparse,,PENDING,golden_eval
GOLDEN-03-DIFFICULT:00000480,GOLDEN-03-DIFFICULT,804876b65364612e56ee9ca078023e9ce5c473cea9887b67d44fac5f07ad14e9,480,16.551724138,1280,720,difficult handheld stadium camera,sparse,,PENDING,golden_eval
GOLDEN-03-DIFFICULT:00000488,GOLDEN-03-DIFFICULT,804876b65364612e56ee9ca078023e9ce5c473cea9887b67d44fac5f07ad14e9,488,16.827586207,1280,720,difficult handheld stadium camera,sparse,,PENDING,golden_eval
GOLDEN-03-DIFFICULT:00000496,GOLDEN-03-DIFFICULT,804876b65364612e56ee9ca078023e9ce5c473cea9887b67d44fac5f07ad14e9,496,17.103448276,1280,720,difficult handheld stadium camera,sparse,,PENDING,golden_eval
GOLDEN-03-DIFFICULT:00000504,GOLDEN-03-DIFFICULT,804876b65364612e56ee9ca078023e9ce5c473cea9887b67d44fac5f07ad14e9,504,17.379310345,1280,720,difficult handheld stadium camera,sparse,,PENDING,golden_eval
GOLDEN-03-DIFFICULT:00000512,GOLDEN-03-DIFFICULT,804876b65364612e56ee9ca078023e9ce5c473cea9887b67d44fac5f07ad14e9,512,17.655172414,1280,720,difficult handheld stadium camera,sparse,,PENDING,golden_eval
GOLDEN-03-DIFFICULT:00000520,GOLDEN-03-DIFFICULT,804876b65364612e56ee9ca078023e9ce5c473cea9887b67d44fac5f07ad14e9,520,17.931034483,1280,720,difficult handheld stadium camera,sparse,,PENDING,golden_eval
GOLDEN-03-DIFFICULT:00000522,GOLDEN-03-DIFFICULT,804876b65364612e56ee9ca078023e9ce5c473cea9887b67d44fac5f07ad14e9,522,18.000000000,1280,720,difficult handheld stadium camera,tracking,TRACK-G03-02,PENDING,golden_eval
GOLDEN-03-DIFFICULT:00000523,GOLDEN-03-DIFFICULT,804876b65364612e56ee9ca078023e9ce5c473cea9887b67d44fac5f07ad14e9,523,18.034482759,1280,720,difficult handheld stadium camera,tracking,TRACK-G03-02,PENDING,golden_eval
GOLDEN-03-DIFFICULT:00000524,GOLDEN-03-DIFFICULT,804876b65364612e56ee9ca078023e9ce5c473cea9887b67d44fac5f07ad14e9,524,18.068965517,1280,720,difficult handheld stadium camera,tracking,TRACK-G03-02,PENDING,golden_eval
GOLDEN-03-DIFFICULT:00000525,GOLDEN-03-DIFFICULT,804876b65364612e56ee9ca078023e9ce5c473cea9887b67d44fac5f07ad14e9,525,18.103448276,1280,720,difficult handheld stadium camera,tracking,TRACK-G03-02,PENDING,golden_eval
GOLDEN-03-DIFFICULT:00000526,GOLDEN-03-DIFFICULT,804876b65364612e56ee9ca078023e9ce5c473cea9887b67d44fac5f07ad14e9,526,18.137931034,1280,720,difficult handheld stadium camera,tracking,TRACK-G03-02,PENDING,golden_eval
GOLDEN-03-DIFFICULT:00000527,GOLDEN-03-DIFFICULT,804876b65364612e56ee9ca078023e9ce5c473cea9887b67d44fac5f07ad14e9,527,18.172413793,1280,720,difficult handheld stadium camera,tracking,TRACK-G03-02,PENDING,golden_eval
GOLDEN-03-DIFFICULT:00000528,GOLDEN-03-DIFFICULT,804876b65364612e56ee9ca078023e9ce5c473cea9887b67d44fac5f07ad14e9,528,18.206896552,1280,720,difficult handheld stadium camera,sparse+tracking,TRACK-G03-02,PENDING,golden_eval
GOLDEN-03-DIFFICULT:00000529,GOLDEN-03-DIFFICULT,804876b65364612e56ee9ca078023e9ce5c473cea9887b67d44fac5f07ad14e9,529,18.241379310,1280,720,difficult handheld stadium camera,tracking,TRACK-G03-02,PENDING,golden_eval
GOLDEN-03-DIFFICULT:00000530,GOLDEN-03-DIFFICULT,804876b65364612e56ee9ca078023e9ce5c473cea9887b67d44fac5f07ad14e9,530,18.275862069,1280,720,difficult handheld stadium camera,tracking,TRACK-G03-02,PENDING,golden_eval
GOLDEN-03-DIFFICULT:00000531,GOLDEN-03-DIFFICULT,804876b65364612e56ee9ca078023e9ce5c473cea9887b67d44fac5f07ad14e9,531,18.310344828,1280,720,difficult handheld stadium camera,tracking,TRACK-G03-02,PENDING,golden_eval
GOLDEN-03-DIFFICULT:00000532,GOLDEN-03-DIFFICULT,804876b65364612e56ee9ca078023e9ce5c473cea9887b67d44fac5f07ad14e9,532,18.344827586,1280,720,difficult handheld stadium camera,tracking,TRACK-G03-02,PENDING,golden_eval
GOLDEN-03-DIFFICULT:00000533,GOLDEN-03-DIFFICULT,804876b65364612e56ee9ca078023e9ce5c473cea9887b67d44fac5f07ad14e9,533,18.379310345,1280,720,difficult handheld stadium camera,tracking,TRACK-G03-02,PENDING,golden_eval
GOLDEN-03-DIFFICULT:00000534,GOLDEN-03-DIFFICULT,804876b65364612e56ee9ca078023e9ce5c473cea9887b67d44fac5f07ad14e9,534,18.413793103,1280,720,difficult handheld stadium camera,tracking,TRACK-G03-02,PENDING,golden_eval
GOLDEN-03-DIFFICULT:00000535,GOLDEN-03-DIFFICULT,804876b65364612e56ee9ca078023e9ce5c473cea9887b67d44fac5f07ad14e9,535,18.448275862,1280,720,difficult handheld stadium camera,tracking,TRACK-G03-02,PENDING,golden_eval
GOLDEN-03-DIFFICULT:00000536,GOLDEN-03-DIFFICULT,804876b65364612e56ee9ca078023e9ce5c473cea9887b67d44fac5f07ad14e9,536,18.482758621,1280,720,difficult handheld stadium camera,sparse+tracking,TRACK-G03-02,PENDING,golden_eval
GOLDEN-03-DIFFICULT:00000537,GOLDEN-03-DIFFICULT,804876b65364612e56ee9ca078023e9ce5c473cea9887b67d44fac5f07ad14e9,537,18.517241379,1280,720,difficult handheld stadium camera,tracking,TRACK-G03-02,PENDING,golden_eval
GOLDEN-03-DIFFICULT:00000538,GOLDEN-03-DIFFICULT,804876b65364612e56ee9ca078023e9ce5c473cea9887b67d44fac5f07ad14e9,538,18.551724138,1280,720,difficult handheld stadium camera,tracking,TRACK-G03-02,PENDING,golden_eval
GOLDEN-03-DIFFICULT:00000539,GOLDEN-03-DIFFICULT,804876b65364612e56ee9ca078023e9ce5c473cea9887b67d44fac5f07ad14e9,539,18.586206897,1280,720,difficult handheld stadium camera,tracking,TRACK-G03-02,PENDING,golden_eval
GOLDEN-03-DIFFICULT:00000540,GOLDEN-03-DIFFICULT,804876b65364612e56ee9ca078023e9ce5c473cea9887b67d44fac5f07ad14e9,540,18.620689655,1280,720,difficult handheld stadium camera,tracking,TRACK-G03-02,PENDING,golden_eval
GOLDEN-03-DIFFICULT:00000541,GOLDEN-03-DIFFICULT,804876b65364612e56ee9ca078023e9ce5c473cea9887b67d44fac5f07ad14e9,541,18.655172414,1280,720,difficult handheld stadium camera,tracking,TRACK-G03-02,PENDING,golden_eval
GOLDEN-03-DIFFICULT:00000542,GOLDEN-03-DIFFICULT,804876b65364612e56ee9ca078023e9ce5c473cea9887b67d44fac5f07ad14e9,542,18.689655172,1280,720,difficult handheld stadium camera,tracking,TRACK-G03-02,PENDING,golden_eval
GOLDEN-03-DIFFICULT:00000543,GOLDEN-03-DIFFICULT,804876b65364612e56ee9ca078023e9ce5c473cea9887b67d44fac5f07ad14e9,543,18.724137931,1280,720,difficult handheld stadium camera,tracking,TRACK-G03-02,PENDING,golden_eval
GOLDEN-03-DIFFICULT:00000544,GOLDEN-03-DIFFICULT,804876b65364612e56ee9ca078023e9ce5c473cea9887b67d44fac5f07ad14e9,544,18.758620690,1280,720,difficult handheld stadium camera,sparse+tracking,TRACK-G03-02,PENDING,golden_eval
GOLDEN-03-DIFFICULT:00000545,GOLDEN-03-DIFFICULT,804876b65364612e56ee9ca078023e9ce5c473cea9887b67d44fac5f07ad14e9,545,18.793103448,1280,720,difficult handheld stadium camera,tracking,TRACK-G03-02,PENDING,golden_eval
GOLDEN-03-DIFFICULT:00000546,GOLDEN-03-DIFFICULT,804876b65364612e56ee9ca078023e9ce5c473cea9887b67d44fac5f07ad14e9,546,18.827586207,1280,720,difficult handheld stadium camera,tracking,TRACK-G03-02,PENDING,golden_eval
GOLDEN-03-DIFFICULT:00000547,GOLDEN-03-DIFFICULT,804876b65364612e56ee9ca078023e9ce5c473cea9887b67d44fac5f07ad14e9,547,18.862068966,1280,720,difficult handheld stadium camera,tracking,TRACK-G03-02,PENDING,golden_eval
GOLDEN-03-DIFFICULT:00000548,GOLDEN-03-DIFFICULT,804876b65364612e56ee9ca078023e9ce5c473cea9887b67d44fac5f07ad14e9,548,18.896551724,1280,720,difficult handheld stadium camera,tracking,TRACK-G03-02,PENDING,golden_eval
GOLDEN-03-DIFFICULT:00000549,GOLDEN-03-DIFFICULT,804876b65364612e56ee9ca078023e9ce5c473cea9887b67d44fac5f07ad14e9,549,18.931034483,1280,720,difficult handheld stadium camera,tracking,TRACK-G03-02,PENDING,golden_eval
GOLDEN-03-DIFFICULT:00000550,GOLDEN-03-DIFFICULT,804876b65364612e56ee9ca078023e9ce5c473cea9887b67d44fac5f07ad14e9,550,18.965517241,1280,720,difficult handheld stadium camera,tracking,TRACK-G03-02,PENDING,golden_eval
GOLDEN-03-DIFFICULT:00000551,GOLDEN-03-DIFFICULT,804876b65364612e56ee9ca078023e9ce5c473cea9887b67d44fac5f07ad14e9,551,19.000000000,1280,720,difficult handheld stadium camera,tracking,TRACK-G03-02,PENDING,golden_eval
GOLDEN-03-DIFFICULT:00000552,GOLDEN-03-DIFFICULT,804876b65364612e56ee9ca078023e9ce5c473cea9887b67d44fac5f07ad14e9,552,19.034482759,1280,720,difficult handheld stadium camera,sparse+tracking,TRACK-G03-02,PENDING,golden_eval
GOLDEN-03-DIFFICULT:00000553,GOLDEN-03-DIFFICULT,804876b65364612e56ee9ca078023e9ce5c473cea9887b67d44fac5f07ad14e9,553,19.068965517,1280,720,difficult handheld stadium camera,tracking,TRACK-G03-02,PENDING,golden_eval
GOLDEN-03-DIFFICULT:00000554,GOLDEN-03-DIFFICULT,804876b65364612e56ee9ca078023e9ce5c473cea9887b67d44fac5f07ad14e9,554,19.103448276,1280,720,difficult handheld stadium camera,tracking,TRACK-G03-02,PENDING,golden_eval
GOLDEN-03-DIFFICULT:00000555,GOLDEN-03-DIFFICULT,804876b65364612e56ee9ca078023e9ce5c473cea9887b67d44fac5f07ad14e9,555,19.137931034,1280,720,difficult handheld stadium camera,tracking,TRACK-G03-02,PENDING,golden_eval
GOLDEN-03-DIFFICULT:00000556,GOLDEN-03-DIFFICULT,804876b65364612e56ee9ca078023e9ce5c473cea9887b67d44fac5f07ad14e9,556,19.172413793,1280,720,difficult handheld stadium camera,tracking,TRACK-G03-02,PENDING,golden_eval
GOLDEN-03-DIFFICULT:00000557,GOLDEN-03-DIFFICULT,804876b65364612e56ee9ca078023e9ce5c473cea9887b67d44fac5f07ad14e9,557,19.206896552,1280,720,difficult handheld stadium camera,tracking,TRACK-G03-02,PENDING,golden_eval
GOLDEN-03-DIFFICULT:00000558,GOLDEN-03-DIFFICULT,804876b65364612e56ee9ca078023e9ce5c473cea9887b67d44fac5f07ad14e9,558,19.241379310,1280,720,difficult handheld stadium camera,tracking,TRACK-G03-02,PENDING,golden_eval
GOLDEN-03-DIFFICULT:00000559,GOLDEN-03-DIFFICULT,804876b65364612e56ee9ca078023e9ce5c473cea9887b67d44fac5f07ad14e9,559,19.275862069,1280,720,difficult handheld stadium camera,tracking,TRACK-G03-02,PENDING,golden_eval
GOLDEN-03-DIFFICULT:00000560,GOLDEN-03-DIFFICULT,804876b65364612e56ee9ca078023e9ce5c473cea9887b67d44fac5f07ad14e9,560,19.310344828,1280,720,difficult handheld stadium camera,sparse+tracking,TRACK-G03-02,PENDING,golden_eval
GOLDEN-03-DIFFICULT:00000561,GOLDEN-03-DIFFICULT,804876b65364612e56ee9ca078023e9ce5c473cea9887b67d44fac5f07ad14e9,561,19.344827586,1280,720,difficult handheld stadium camera,tracking,TRACK-G03-02,PENDING,golden_eval
GOLDEN-03-DIFFICULT:00000562,GOLDEN-03-DIFFICULT,804876b65364612e56ee9ca078023e9ce5c473cea9887b67d44fac5f07ad14e9,562,19.379310345,1280,720,difficult handheld stadium camera,tracking,TRACK-G03-02,PENDING,golden_eval
GOLDEN-03-DIFFICULT:00000563,GOLDEN-03-DIFFICULT,804876b65364612e56ee9ca078023e9ce5c473cea9887b67d44fac5f07ad14e9,563,19.413793103,1280,720,difficult handheld stadium camera,tracking,TRACK-G03-02,PENDING,golden_eval
GOLDEN-03-DIFFICULT:00000564,GOLDEN-03-DIFFICULT,804876b65364612e56ee9ca078023e9ce5c473cea9887b67d44fac5f07ad14e9,564,19.448275862,1280,720,difficult handheld stadium camera,tracking,TRACK-G03-02,PENDING,golden_eval
GOLDEN-03-DIFFICULT:00000565,GOLDEN-03-DIFFICULT,804876b65364612e56ee9ca078023e9ce5c473cea9887b67d44fac5f07ad14e9,565,19.482758621,1280,720,difficult handheld stadium camera,tracking,TRACK-G03-02,PENDING,golden_eval
GOLDEN-03-DIFFICULT:00000566,GOLDEN-03-DIFFICULT,804876b65364612e56ee9ca078023e9ce5c473cea9887b67d44fac5f07ad14e9,566,19.517241379,1280,720,difficult handheld stadium camera,tracking,TRACK-G03-02,PENDING,golden_eval
GOLDEN-03-DIFFICULT:00000567,GOLDEN-03-DIFFICULT,804876b65364612e56ee9ca078023e9ce5c473cea9887b67d44fac5f07ad14e9,567,19.551724138,1280,720,difficult handheld stadium camera,tracking,TRACK-G03-02,PENDING,golden_eval
GOLDEN-03-DIFFICULT:00000568,GOLDEN-03-DIFFICULT,804876b65364612e56ee9ca078023e9ce5c473cea9887b67d44fac5f07ad14e9,568,19.586206897,1280,720,difficult handheld stadium camera,sparse+tracking,TRACK-G03-02,PENDING,golden_eval
GOLDEN-03-DIFFICULT:00000569,GOLDEN-03-DIFFICULT,804876b65364612e56ee9ca078023e9ce5c473cea9887b67d44fac5f07ad14e9,569,19.620689655,1280,720,difficult handheld stadium camera,tracking,TRACK-G03-02,PENDING,golden_eval
GOLDEN-03-DIFFICULT:00000570,GOLDEN-03-DIFFICULT,804876b65364612e56ee9ca078023e9ce5c473cea9887b67d44fac5f07ad14e9,570,19.655172414,1280,720,difficult handheld stadium camera,tracking,TRACK-G03-02,PENDING,golden_eval
GOLDEN-03-DIFFICULT:00000571,GOLDEN-03-DIFFICULT,804876b65364612e56ee9ca078023e9ce5c473cea9887b67d44fac5f07ad14e9,571,19.689655172,1280,720,difficult handheld stadium camera,tracking,TRACK-G03-02,PENDING,golden_eval
GOLDEN-03-DIFFICULT:00000572,GOLDEN-03-DIFFICULT,804876b65364612e56ee9ca078023e9ce5c473cea9887b67d44fac5f07ad14e9,572,19.724137931,1280,720,difficult handheld stadium camera,tracking,TRACK-G03-02,PENDING,golden_eval
GOLDEN-03-DIFFICULT:00000573,GOLDEN-03-DIFFICULT,804876b65364612e56ee9ca078023e9ce5c473cea9887b67d44fac5f07ad14e9,573,19.758620690,1280,720,difficult handheld stadium camera,tracking,TRACK-G03-02,PENDING,golden_eval
GOLDEN-03-DIFFICULT:00000574,GOLDEN-03-DIFFICULT,804876b65364612e56ee9ca078023e9ce5c473cea9887b67d44fac5f07ad14e9,574,19.793103448,1280,720,difficult handheld stadium camera,tracking,TRACK-G03-02,PENDING,golden_eval
GOLDEN-03-DIFFICULT:00000575,GOLDEN-03-DIFFICULT,804876b65364612e56ee9ca078023e9ce5c473cea9887b67d44fac5f07ad14e9,575,19.827586207,1280,720,difficult handheld stadium camera,tracking,TRACK-G03-02,PENDING,golden_eval
GOLDEN-03-DIFFICULT:00000576,GOLDEN-03-DIFFICULT,804876b65364612e56ee9ca078023e9ce5c473cea9887b67d44fac5f07ad14e9,576,19.862068966,1280,720,difficult handheld stadium camera,sparse+tracking,TRACK-G03-02,PENDING,golden_eval
GOLDEN-03-DIFFICULT:00000577,GOLDEN-03-DIFFICULT,804876b65364612e56ee9ca078023e9ce5c473cea9887b67d44fac5f07ad14e9,577,19.896551724,1280,720,difficult handheld stadium camera,tracking,TRACK-G03-02,PENDING,golden_eval
GOLDEN-03-DIFFICULT:00000578,GOLDEN-03-DIFFICULT,804876b65364612e56ee9ca078023e9ce5c473cea9887b67d44fac5f07ad14e9,578,19.931034483,1280,720,difficult handheld stadium camera,tracking,TRACK-G03-02,PENDING,golden_eval
GOLDEN-03-DIFFICULT:00000579,GOLDEN-03-DIFFICULT,804876b65364612e56ee9ca078023e9ce5c473cea9887b67d44fac5f07ad14e9,579,19.965517241,1280,720,difficult handheld stadium camera,tracking,TRACK-G03-02,PENDING,golden_eval
GOLDEN-03-DIFFICULT:00000584,GOLDEN-03-DIFFICULT,804876b65364612e56ee9ca078023e9ce5c473cea9887b67d44fac5f07ad14e9,584,20.137931034,1280,720,difficult handheld stadium camera,sparse,,PENDING,golden_eval
GOLDEN-03-DIFFICULT:00000592,GOLDEN-03-DIFFICULT,804876b65364612e56ee9ca078023e9ce5c473cea9887b67d44fac5f07ad14e9,592,20.413793103,1280,720,difficult handheld stadium camera,sparse,,PENDING,golden_eval
GOLDEN-03-DIFFICULT:00000600,GOLDEN-03-DIFFICULT,804876b65364612e56ee9ca078023e9ce5c473cea9887b67d44fac5f07ad14e9,600,20.689655172,1280,720,difficult handheld stadium camera,sparse,,PENDING,golden_eval
GOLDEN-03-DIFFICULT:00000608,GOLDEN-03-DIFFICULT,804876b65364612e56ee9ca078023e9ce5c473cea9887b67d44fac5f07ad14e9,608,20.965517241,1280,720,difficult handheld stadium camera,sparse,,PENDING,golden_eval
GOLDEN-03-DIFFICULT:00000616,GOLDEN-03-DIFFICULT,804876b65364612e56ee9ca078023e9ce5c473cea9887b67d44fac5f07ad14e9,616,21.241379310,1280,720,difficult handheld stadium camera,sparse,,PENDING,golden_eval
GOLDEN-03-DIFFICULT:00000624,GOLDEN-03-DIFFICULT,804876b65364612e56ee9ca078023e9ce5c473cea9887b67d44fac5f07ad14e9,624,21.517241379,1280,720,difficult handheld stadium camera,sparse,,PENDING,golden_eval
GOLDEN-03-DIFFICULT:00000632,GOLDEN-03-DIFFICULT,804876b65364612e56ee9ca078023e9ce5c473cea9887b67d44fac5f07ad14e9,632,21.793103448,1280,720,difficult handheld stadium camera,sparse,,PENDING,golden_eval
GOLDEN-03-DIFFICULT:00000640,GOLDEN-03-DIFFICULT,804876b65364612e56ee9ca078023e9ce5c473cea9887b67d44fac5f07ad14e9,640,22.068965517,1280,720,difficult handheld stadium camera,sparse,,PENDING,golden_eval
GOLDEN-03-DIFFICULT:00000648,GOLDEN-03-DIFFICULT,804876b65364612e56ee9ca078023e9ce5c473cea9887b67d44fac5f07ad14e9,648,22.344827586,1280,720,difficult handheld stadium camera,sparse,,PENDING,golden_eval
GOLDEN-03-DIFFICULT:00000656,GOLDEN-03-DIFFICULT,804876b65364612e56ee9ca078023e9ce5c473cea9887b67d44fac5f07ad14e9,656,22.620689655,1280,720,difficult handheld stadium camera,sparse,,PENDING,golden_eval
GOLDEN-03-DIFFICULT:00000664,GOLDEN-03-DIFFICULT,804876b65364612e56ee9ca078023e9ce5c473cea9887b67d44fac5f07ad14e9,664,22.896551724,1280,720,difficult handheld stadium camera,sparse,,PENDING,golden_eval
GOLDEN-03-DIFFICULT:00000672,GOLDEN-03-DIFFICULT,804876b65364612e56ee9ca078023e9ce5c473cea9887b67d44fac5f07ad14e9,672,23.172413793,1280,720,difficult handheld stadium camera,sparse,,PENDING,golden_eval
GOLDEN-03-DIFFICULT:00000680,GOLDEN-03-DIFFICULT,804876b65364612e56ee9ca078023e9ce5c473cea9887b67d44fac5f07ad14e9,680,23.448275862,1280,720,difficult handheld stadium camera,sparse,,PENDING,golden_eval
GOLDEN-03-DIFFICULT:00000688,GOLDEN-03-DIFFICULT,804876b65364612e56ee9ca078023e9ce5c473cea9887b67d44fac5f07ad14e9,688,23.724137931,1280,720,difficult handheld stadium camera,sparse,,PENDING,golden_eval
GOLDEN-03-DIFFICULT:00000696,GOLDEN-03-DIFFICULT,804876b65364612e56ee9ca078023e9ce5c473cea9887b67d44fac5f07ad14e9,696,24.000000000,1280,720,difficult handheld stadium camera,sparse,,PENDING,golden_eval
GOLDEN-03-DIFFICULT:00000704,GOLDEN-03-DIFFICULT,804876b65364612e56ee9ca078023e9ce5c473cea9887b67d44fac5f07ad14e9,704,24.275862069,1280,720,difficult handheld stadium camera,sparse,,PENDING,golden_eval
GOLDEN-03-DIFFICULT:00000712,GOLDEN-03-DIFFICULT,804876b65364612e56ee9ca078023e9ce5c473cea9887b67d44fac5f07ad14e9,712,24.551724138,1280,720,difficult handheld stadium camera,sparse,,PENDING,golden_eval
GOLDEN-03-DIFFICULT:00000720,GOLDEN-03-DIFFICULT,804876b65364612e56ee9ca078023e9ce5c473cea9887b67d44fac5f07ad14e9,720,24.827586207,1280,720,difficult handheld stadium camera,sparse,,PENDING,golden_eval
GOLDEN-03-DIFFICULT:00000728,GOLDEN-03-DIFFICULT,804876b65364612e56ee9ca078023e9ce5c473cea9887b67d44fac5f07ad14e9,728,25.103448276,1280,720,difficult handheld stadium camera,sparse,,PENDING,golden_eval
GOLDEN-03-DIFFICULT:00000736,GOLDEN-03-DIFFICULT,804876b65364612e56ee9ca078023e9ce5c473cea9887b67d44fac5f07ad14e9,736,25.379310345,1280,720,difficult handheld stadium camera,sparse,,PENDING,golden_eval
GOLDEN-03-DIFFICULT:00000744,GOLDEN-03-DIFFICULT,804876b65364612e56ee9ca078023e9ce5c473cea9887b67d44fac5f07ad14e9,744,25.655172414,1280,720,difficult handheld stadium camera,sparse,,PENDING,golden_eval
GOLDEN-03-DIFFICULT:00000752,GOLDEN-03-DIFFICULT,804876b65364612e56ee9ca078023e9ce5c473cea9887b67d44fac5f07ad14e9,752,25.931034483,1280,720,difficult handheld stadium camera,sparse,,PENDING,golden_eval
GOLDEN-03-DIFFICULT:00000760,GOLDEN-03-DIFFICULT,804876b65364612e56ee9ca078023e9ce5c473cea9887b67d44fac5f07ad14e9,760,26.206896552,1280,720,difficult handheld stadium camera,sparse,,PENDING,golden_eval
GOLDEN-03-DIFFICULT:00000768,GOLDEN-03-DIFFICULT,804876b65364612e56ee9ca078023e9ce5c473cea9887b67d44fac5f07ad14e9,768,26.482758621,1280,720,difficult handheld stadium camera,sparse,,PENDING,golden_eval
GOLDEN-03-DIFFICULT:00000776,GOLDEN-03-DIFFICULT,804876b65364612e56ee9ca078023e9ce5c473cea9887b67d44fac5f07ad14e9,776,26.758620690,1280,720,difficult handheld stadium camera,sparse,,PENDING,golden_eval
GOLDEN-03-DIFFICULT:00000784,GOLDEN-03-DIFFICULT,804876b65364612e56ee9ca078023e9ce5c473cea9887b67d44fac5f07ad14e9,784,27.034482759,1280,720,difficult handheld stadium camera,sparse,,PENDING,golden_eval
GOLDEN-03-DIFFICULT:00000792,GOLDEN-03-DIFFICULT,804876b65364612e56ee9ca078023e9ce5c473cea9887b67d44fac5f07ad14e9,792,27.310344828,1280,720,difficult handheld stadium camera,sparse,,PENDING,golden_eval
GOLDEN-03-DIFFICULT:00000800,GOLDEN-03-DIFFICULT,804876b65364612e56ee9ca078023e9ce5c473cea9887b67d44fac5f07ad14e9,800,27.586206897,1280,720,difficult handheld stadium camera,sparse,,PENDING,golden_eval
GOLDEN-03-DIFFICULT:00000808,GOLDEN-03-DIFFICULT,804876b65364612e56ee9ca078023e9ce5c473cea9887b67d44fac5f07ad14e9,808,27.862068966,1280,720,difficult handheld stadium camera,sparse,,PENDING,golden_eval
GOLDEN-03-DIFFICULT:00000816,GOLDEN-03-DIFFICULT,804876b65364612e56ee9ca078023e9ce5c473cea9887b67d44fac5f07ad14e9,816,28.137931034,1280,720,difficult handheld stadium camera,sparse,,PENDING,golden_eval
GOLDEN-03-DIFFICULT:00000824,GOLDEN-03-DIFFICULT,804876b65364612e56ee9ca078023e9ce5c473cea9887b67d44fac5f07ad14e9,824,28.413793103,1280,720,difficult handheld stadium camera,sparse,,PENDING,golden_eval
GOLDEN-03-DIFFICULT:00000832,GOLDEN-03-DIFFICULT,804876b65364612e56ee9ca078023e9ce5c473cea9887b67d44fac5f07ad14e9,832,28.689655172,1280,720,difficult handheld stadium camera,sparse,,PENDING,golden_eval
GOLDEN-03-DIFFICULT:00000840,GOLDEN-03-DIFFICULT,804876b65364612e56ee9ca078023e9ce5c473cea9887b67d44fac5f07ad14e9,840,28.965517241,1280,720,difficult handheld stadium camera,sparse,,PENDING,golden_eval
GOLDEN-03-DIFFICULT:00000848,GOLDEN-03-DIFFICULT,804876b65364612e56ee9ca078023e9ce5c473cea9887b67d44fac5f07ad14e9,848,29.241379310,1280,720,difficult handheld stadium camera,sparse,,PENDING,golden_eval
GOLDEN-03-DIFFICULT:00000856,GOLDEN-03-DIFFICULT,804876b65364612e56ee9ca078023e9ce5c473cea9887b67d44fac5f07ad14e9,856,29.517241379,1280,720,difficult handheld stadium camera,sparse,,PENDING,golden_eval
GOLDEN-03-DIFFICULT:00000864,GOLDEN-03-DIFFICULT,804876b65364612e56ee9ca078023e9ce5c473cea9887b67d44fac5f07ad14e9,864,29.793103448,1280,720,difficult handheld stadium camera,sparse,,PENDING,golden_eval
GOLDEN-03-DIFFICULT:00000872,GOLDEN-03-DIFFICULT,804876b65364612e56ee9ca078023e9ce5c473cea9887b67d44fac5f07ad14e9,872,30.068965517,1280,720,difficult handheld stadium camera,sparse,,PENDING,golden_eval
GOLDEN-03-DIFFICULT:00000880,GOLDEN-03-DIFFICULT,804876b65364612e56ee9ca078023e9ce5c473cea9887b67d44fac5f07ad14e9,880,30.344827586,1280,720,difficult handheld stadium camera,sparse,,PENDING,golden_eval
GOLDEN-03-DIFFICULT:00000888,GOLDEN-03-DIFFICULT,804876b65364612e56ee9ca078023e9ce5c473cea9887b67d44fac5f07ad14e9,888,30.620689655,1280,720,difficult handheld stadium camera,sparse,,PENDING,golden_eval
GOLDEN-03-DIFFICULT:00000896,GOLDEN-03-DIFFICULT,804876b65364612e56ee9ca078023e9ce5c473cea9887b67d44fac5f07ad14e9,896,30.896551724,1280,720,difficult handheld stadium camera,sparse,,PENDING,golden_eval
GOLDEN-03-DIFFICULT:00000904,GOLDEN-03-DIFFICULT,804876b65364612e56ee9ca078023e9ce5c473cea9887b67d44fac5f07ad14e9,904,31.172413793,1280,720,difficult handheld stadium camera,sparse,,PENDING,golden_eval
GOLDEN-03-DIFFICULT:00000912,GOLDEN-03-DIFFICULT,804876b65364612e56ee9ca078023e9ce5c473cea9887b67d44fac5f07ad14e9,912,31.448275862,1280,720,difficult handheld stadium camera,sparse,,PENDING,golden_eval
GOLDEN-03-DIFFICULT:00000920,GOLDEN-03-DIFFICULT,804876b65364612e56ee9ca078023e9ce5c473cea9887b67d44fac5f07ad14e9,920,31.724137931,1280,720,difficult handheld stadium camera,sparse,,PENDING,golden_eval
GOLDEN-03-DIFFICULT:00000928,GOLDEN-03-DIFFICULT,804876b65364612e56ee9ca078023e9ce5c473cea9887b67d44fac5f07ad14e9,928,32.000000000,1280,720,difficult handheld stadium camera,sparse,,PENDING,golden_eval
GOLDEN-03-DIFFICULT:00000936,GOLDEN-03-DIFFICULT,804876b65364612e56ee9ca078023e9ce5c473cea9887b67d44fac5f07ad14e9,936,32.275862069,1280,720,difficult handheld stadium camera,sparse,,PENDING,golden_eval
GOLDEN-03-DIFFICULT:00000944,GOLDEN-03-DIFFICULT,804876b65364612e56ee9ca078023e9ce5c473cea9887b67d44fac5f07ad14e9,944,32.551724138,1280,720,difficult handheld stadium camera,sparse,,PENDING,golden_eval
GOLDEN-03-DIFFICULT:00000952,GOLDEN-03-DIFFICULT,804876b65364612e56ee9ca078023e9ce5c473cea9887b67d44fac5f07ad14e9,952,32.827586207,1280,720,difficult handheld stadium camera,sparse,,PENDING,golden_eval
GOLDEN-03-DIFFICULT:00000960,GOLDEN-03-DIFFICULT,804876b65364612e56ee9ca078023e9ce5c473cea9887b67d44fac5f07ad14e9,960,33.103448276,1280,720,difficult handheld stadium camera,sparse,,PENDING,golden_eval
GOLDEN-03-DIFFICULT:00000968,GOLDEN-03-DIFFICULT,804876b65364612e56ee9ca078023e9ce5c473cea9887b67d44fac5f07ad14e9,968,33.379310345,1280,720,difficult handheld stadium camera,sparse,,PENDING,golden_eval
GOLDEN-03-DIFFICULT:00000976,GOLDEN-03-DIFFICULT,804876b65364612e56ee9ca078023e9ce5c473cea9887b67d44fac5f07ad14e9,976,33.655172414,1280,720,difficult handheld stadium camera,sparse,,PENDING,golden_eval
GOLDEN-03-DIFFICULT:00000984,GOLDEN-03-DIFFICULT,804876b65364612e56ee9ca078023e9ce5c473cea9887b67d44fac5f07ad14e9,984,33.931034483,1280,720,difficult handheld stadium camera,sparse,,PENDING,golden_eval
GOLDEN-03-DIFFICULT:00000992,GOLDEN-03-DIFFICULT,804876b65364612e56ee9ca078023e9ce5c473cea9887b67d44fac5f07ad14e9,992,34.206896552,1280,720,difficult handheld stadium camera,sparse,,PENDING,golden_eval
GOLDEN-03-DIFFICULT:00001000,GOLDEN-03-DIFFICULT,804876b65364612e56ee9ca078023e9ce5c473cea9887b67d44fac5f07ad14e9,1000,34.482758621,1280,720,difficult handheld stadium camera,sparse,,PENDING,golden_eval
GOLDEN-03-DIFFICULT:00001008,GOLDEN-03-DIFFICULT,804876b65364612e56ee9ca078023e9ce5c473cea9887b67d44fac5f07ad14e9,1008,34.758620690,1280,720,difficult handheld stadium camera,sparse,,PENDING,golden_eval
GOLDEN-03-DIFFICULT:00001016,GOLDEN-03-DIFFICULT,804876b65364612e56ee9ca078023e9ce5c473cea9887b67d44fac5f07ad14e9,1016,35.034482759,1280,720,difficult handheld stadium camera,sparse,,PENDING,golden_eval
GOLDEN-03-DIFFICULT:00001024,GOLDEN-03-DIFFICULT,804876b65364612e56ee9ca078023e9ce5c473cea9887b67d44fac5f07ad14e9,1024,35.310344828,1280,720,difficult handheld stadium camera,sparse,,PENDING,golden_eval
GOLDEN-03-DIFFICULT:00001032,GOLDEN-03-DIFFICULT,804876b65364612e56ee9ca078023e9ce5c473cea9887b67d44fac5f07ad14e9,1032,35.586206897,1280,720,difficult handheld stadium camera,sparse,,PENDING,golden_eval
GOLDEN-03-DIFFICULT:00001040,GOLDEN-03-DIFFICULT,804876b65364612e56ee9ca078023e9ce5c473cea9887b67d44fac5f07ad14e9,1040,35.862068966,1280,720,difficult handheld stadium camera,sparse,,PENDING,golden_eval
GOLDEN-03-DIFFICULT:00001048,GOLDEN-03-DIFFICULT,804876b65364612e56ee9ca078023e9ce5c473cea9887b67d44fac5f07ad14e9,1048,36.137931034,1280,720,difficult handheld stadium camera,sparse,,PENDING,golden_eval
GOLDEN-03-DIFFICULT:00001056,GOLDEN-03-DIFFICULT,804876b65364612e56ee9ca078023e9ce5c473cea9887b67d44fac5f07ad14e9,1056,36.413793103,1280,720,difficult handheld stadium camera,sparse,,PENDING,golden_eval
GOLDEN-03-DIFFICULT:00001064,GOLDEN-03-DIFFICULT,804876b65364612e56ee9ca078023e9ce5c473cea9887b67d44fac5f07ad14e9,1064,36.689655172,1280,720,difficult handheld stadium camera,sparse,,PENDING,golden_eval
GOLDEN-03-DIFFICULT:00001072,GOLDEN-03-DIFFICULT,804876b65364612e56ee9ca078023e9ce5c473cea9887b67d44fac5f07ad14e9,1072,36.965517241,1280,720,difficult handheld stadium camera,sparse,,PENDING,golden_eval
GOLDEN-03-DIFFICULT:00001080,GOLDEN-03-DIFFICULT,804876b65364612e56ee9ca078023e9ce5c473cea9887b67d44fac5f07ad14e9,1080,37.241379310,1280,720,difficult handheld stadium camera,sparse,,PENDING,golden_eval
GOLDEN-03-DIFFICULT:00001088,GOLDEN-03-DIFFICULT,804876b65364612e56ee9ca078023e9ce5c473cea9887b67d44fac5f07ad14e9,1088,37.517241379,1280,720,difficult handheld stadium camera,sparse,,PENDING,golden_eval
GOLDEN-03-DIFFICULT:00001096,GOLDEN-03-DIFFICULT,804876b65364612e56ee9ca078023e9ce5c473cea9887b67d44fac5f07ad14e9,1096,37.793103448,1280,720,difficult handheld stadium camera,sparse,,PENDING,golden_eval
GOLDEN-03-DIFFICULT:00001104,GOLDEN-03-DIFFICULT,804876b65364612e56ee9ca078023e9ce5c473cea9887b67d44fac5f07ad14e9,1104,38.068965517,1280,720,difficult handheld stadium camera,sparse,,PENDING,golden_eval
GOLDEN-03-DIFFICULT:00001112,GOLDEN-03-DIFFICULT,804876b65364612e56ee9ca078023e9ce5c473cea9887b67d44fac5f07ad14e9,1112,38.344827586,1280,720,difficult handheld stadium camera,sparse,,PENDING,golden_eval
GOLDEN-03-DIFFICULT:00001120,GOLDEN-03-DIFFICULT,804876b65364612e56ee9ca078023e9ce5c473cea9887b67d44fac5f07ad14e9,1120,38.620689655,1280,720,difficult handheld stadium camera,sparse,,PENDING,golden_eval
GOLDEN-03-DIFFICULT:00001128,GOLDEN-03-DIFFICULT,804876b65364612e56ee9ca078023e9ce5c473cea9887b67d44fac5f07ad14e9,1128,38.896551724,1280,720,difficult handheld stadium camera,sparse,,PENDING,golden_eval
GOLDEN-03-DIFFICULT:00001136,GOLDEN-03-DIFFICULT,804876b65364612e56ee9ca078023e9ce5c473cea9887b67d44fac5f07ad14e9,1136,39.172413793,1280,720,difficult handheld stadium camera,sparse,,PENDING,golden_eval
GOLDEN-03-DIFFICULT:00001144,GOLDEN-03-DIFFICULT,804876b65364612e56ee9ca078023e9ce5c473cea9887b67d44fac5f07ad14e9,1144,39.448275862,1280,720,difficult handheld stadium camera,sparse,,PENDING,golden_eval
GOLDEN-03-DIFFICULT:00001152,GOLDEN-03-DIFFICULT,804876b65364612e56ee9ca078023e9ce5c473cea9887b67d44fac5f07ad14e9,1152,39.724137931,1280,720,difficult handheld stadium camera,sparse,,PENDING,golden_eval
GOLDEN-03-DIFFICULT:00001160,GOLDEN-03-DIFFICULT,804876b65364612e56ee9ca078023e9ce5c473cea9887b67d44fac5f07ad14e9,1160,40.000000000,1280,720,difficult handheld stadium camera,sparse,,PENDING,golden_eval
GOLDEN-03-DIFFICULT:00001168,GOLDEN-03-DIFFICULT,804876b65364612e56ee9ca078023e9ce5c473cea9887b67d44fac5f07ad14e9,1168,40.275862069,1280,720,difficult handheld stadium camera,sparse,,PENDING,golden_eval
GOLDEN-03-DIFFICULT:00001176,GOLDEN-03-DIFFICULT,804876b65364612e56ee9ca078023e9ce5c473cea9887b67d44fac5f07ad14e9,1176,40.551724138,1280,720,difficult handheld stadium camera,sparse,,PENDING,golden_eval
GOLDEN-03-DIFFICULT:00001184,GOLDEN-03-DIFFICULT,804876b65364612e56ee9ca078023e9ce5c473cea9887b67d44fac5f07ad14e9,1184,40.827586207,1280,720,difficult handheld stadium camera,sparse,,PENDING,golden_eval
GOLDEN-03-DIFFICULT:00001192,GOLDEN-03-DIFFICULT,804876b65364612e56ee9ca078023e9ce5c473cea9887b67d44fac5f07ad14e9,1192,41.103448276,1280,720,difficult handheld stadium camera,sparse,,PENDING,golden_eval
GOLDEN-03-DIFFICULT:00001200,GOLDEN-03-DIFFICULT,804876b65364612e56ee9ca078023e9ce5c473cea9887b67d44fac5f07ad14e9,1200,41.379310345,1280,720,difficult handheld stadium camera,sparse,,PENDING,golden_eval
GOLDEN-03-DIFFICULT:00001208,GOLDEN-03-DIFFICULT,804876b65364612e56ee9ca078023e9ce5c473cea9887b67d44fac5f07ad14e9,1208,41.655172414,1280,720,difficult handheld stadium camera,sparse,,PENDING,golden_eval
GOLDEN-03-DIFFICULT:00001216,GOLDEN-03-DIFFICULT,804876b65364612e56ee9ca078023e9ce5c473cea9887b67d44fac5f07ad14e9,1216,41.931034483,1280,720,difficult handheld stadium camera,sparse,,PENDING,golden_eval
GOLDEN-03-DIFFICULT:00001224,GOLDEN-03-DIFFICULT,804876b65364612e56ee9ca078023e9ce5c473cea9887b67d44fac5f07ad14e9,1224,42.206896552,1280,720,difficult handheld stadium camera,sparse,,PENDING,golden_eval
GOLDEN-03-DIFFICULT:00001232,GOLDEN-03-DIFFICULT,804876b65364612e56ee9ca078023e9ce5c473cea9887b67d44fac5f07ad14e9,1232,42.482758621,1280,720,difficult handheld stadium camera,sparse,,PENDING,golden_eval
GOLDEN-03-DIFFICULT:00001240,GOLDEN-03-DIFFICULT,804876b65364612e56ee9ca078023e9ce5c473cea9887b67d44fac5f07ad14e9,1240,42.758620690,1280,720,difficult handheld stadium camera,sparse,,PENDING,golden_eval
GOLDEN-03-DIFFICULT:00001248,GOLDEN-03-DIFFICULT,804876b65364612e56ee9ca078023e9ce5c473cea9887b67d44fac5f07ad14e9,1248,43.034482759,1280,720,difficult handheld stadium camera,sparse,,PENDING,golden_eval
GOLDEN-03-DIFFICULT:00001256,GOLDEN-03-DIFFICULT,804876b65364612e56ee9ca078023e9ce5c473cea9887b67d44fac5f07ad14e9,1256,43.310344828,1280,720,difficult handheld stadium camera,sparse,,PENDING,golden_eval
GOLDEN-03-DIFFICULT:00001264,GOLDEN-03-DIFFICULT,804876b65364612e56ee9ca078023e9ce5c473cea9887b67d44fac5f07ad14e9,1264,43.586206897,1280,720,difficult handheld stadium camera,sparse,,PENDING,golden_eval
GOLDEN-03-DIFFICULT:00001272,GOLDEN-03-DIFFICULT,804876b65364612e56ee9ca078023e9ce5c473cea9887b67d44fac5f07ad14e9,1272,43.862068966,1280,720,difficult handheld stadium camera,sparse,,PENDING,golden_eval
GOLDEN-03-DIFFICULT:00001280,GOLDEN-03-DIFFICULT,804876b65364612e56ee9ca078023e9ce5c473cea9887b67d44fac5f07ad14e9,1280,44.137931034,1280,720,difficult handheld stadium camera,sparse,,PENDING,golden_eval
GOLDEN-03-DIFFICULT:00001288,GOLDEN-03-DIFFICULT,804876b65364612e56ee9ca078023e9ce5c473cea9887b67d44fac5f07ad14e9,1288,44.413793103,1280,720,difficult handheld stadium camera,sparse,,PENDING,golden_eval
GOLDEN-03-DIFFICULT:00001296,GOLDEN-03-DIFFICULT,804876b65364612e56ee9ca078023e9ce5c473cea9887b67d44fac5f07ad14e9,1296,44.689655172,1280,720,difficult handheld stadium camera,sparse,,PENDING,golden_eval
GOLDEN-03-DIFFICULT:00001304,GOLDEN-03-DIFFICULT,804876b65364612e56ee9ca078023e9ce5c473cea9887b67d44fac5f07ad14e9,1304,44.965517241,1280,720,difficult handheld stadium camera,sparse,,PENDING,golden_eval
GOLDEN-03-DIFFICULT:00001312,GOLDEN-03-DIFFICULT,804876b65364612e56ee9ca078023e9ce5c473cea9887b67d44fac5f07ad14e9,1312,45.241379310,1280,720,difficult handheld stadium camera,sparse,,PENDING,golden_eval
GOLDEN-03-DIFFICULT:00001320,GOLDEN-03-DIFFICULT,804876b65364612e56ee9ca078023e9ce5c473cea9887b67d44fac5f07ad14e9,1320,45.517241379,1280,720,difficult handheld stadium camera,sparse,,PENDING,golden_eval
GOLDEN-03-DIFFICULT:00001328,GOLDEN-03-DIFFICULT,804876b65364612e56ee9ca078023e9ce5c473cea9887b67d44fac5f07ad14e9,1328,45.793103448,1280,720,difficult handheld stadium camera,sparse,,PENDING,golden_eval
GOLDEN-03-DIFFICULT:00001336,GOLDEN-03-DIFFICULT,804876b65364612e56ee9ca078023e9ce5c473cea9887b67d44fac5f07ad14e9,1336,46.068965517,1280,720,difficult handheld stadium camera,sparse,,PENDING,golden_eval
GOLDEN-03-DIFFICULT:00001344,GOLDEN-03-DIFFICULT,804876b65364612e56ee9ca078023e9ce5c473cea9887b67d44fac5f07ad14e9,1344,46.344827586,1280,720,difficult handheld stadium camera,sparse,,PENDING,golden_eval
GOLDEN-03-DIFFICULT:00001352,GOLDEN-03-DIFFICULT,804876b65364612e56ee9ca078023e9ce5c473cea9887b67d44fac5f07ad14e9,1352,46.620689655,1280,720,difficult handheld stadium camera,sparse,,PENDING,golden_eval
GOLDEN-03-DIFFICULT:00001360,GOLDEN-03-DIFFICULT,804876b65364612e56ee9ca078023e9ce5c473cea9887b67d44fac5f07ad14e9,1360,46.896551724,1280,720,difficult handheld stadium camera,sparse,,PENDING,golden_eval
GOLDEN-03-DIFFICULT:00001368,GOLDEN-03-DIFFICULT,804876b65364612e56ee9ca078023e9ce5c473cea9887b67d44fac5f07ad14e9,1368,47.172413793,1280,720,difficult handheld stadium camera,sparse,,PENDING,golden_eval
GOLDEN-03-DIFFICULT:00001376,GOLDEN-03-DIFFICULT,804876b65364612e56ee9ca078023e9ce5c473cea9887b67d44fac5f07ad14e9,1376,47.448275862,1280,720,difficult handheld stadium camera,sparse,,PENDING,golden_eval
GOLDEN-03-DIFFICULT:00001384,GOLDEN-03-DIFFICULT,804876b65364612e56ee9ca078023e9ce5c473cea9887b67d44fac5f07ad14e9,1384,47.724137931,1280,720,difficult handheld stadium camera,sparse,,PENDING,golden_eval
GOLDEN-03-DIFFICULT:00001392,GOLDEN-03-DIFFICULT,804876b65364612e56ee9ca078023e9ce5c473cea9887b67d44fac5f07ad14e9,1392,48.000000000,1280,720,difficult handheld stadium camera,sparse,,PENDING,golden_eval
GOLDEN-03-DIFFICULT:00001400,GOLDEN-03-DIFFICULT,804876b65364612e56ee9ca078023e9ce5c473cea9887b67d44fac5f07ad14e9,1400,48.275862069,1280,720,difficult handheld stadium camera,sparse,,PENDING,golden_eval
